time,ur20-shoulder_pan_joint,ur20-shoulder_lift_joint,ur20-elbow_joint,ur20-wrist_1_joint,ur20-wrist_2_joint,ur20-wrist_3_joint
0.0,-0.426728,-0.62810844,1.7324402,0.422191,1.4513632,-1.9989415
1.0,-0.4325037,-0.6205759,1.7122551,0.44118604,1.4412338,-2.0053658
2.0,-0.4372106,-0.610879,1.6865325,0.46515352,1.4286633,-1.3621093
3.0,-0.57317746,-0.5926316,1.7786047,0.27018,0.8478286,-1.3984809
4.0,-0.45575282,-0.64535147,1.7761377,0.32364482,1.292336,-1.1687062
5.0,-0.58467275,-0.6308228,1.8923407,0.0051006195,0.7653393,-1.160229
6.0,-0.6219671,-0.5725863,1.8354455,0.08931493,0.586328,-1.3101428
7.0,-0.61342007,-0.6051302,1.8755827,-0.0064970637,0.5998443,-1.2042799
8.0,-0.6010917,-0.6447894,1.945319,-0.1793559,0.6389654,-1.0294963
9.0,-0.57820624,-0.68809235,2.022395,-0.36338967,0.7054157,-0.8388832
10.0,-0.5570517,-0.7172433,2.0637507,-0.4570582,0.7575644,-0.7305683
11.0,-0.58663815,-0.67854077,1.9763061,-0.24704824,0.6628132,-0.9425114
12.0,-0.6040289,-0.63599396,1.9118818,-0.090769686,0.61573577,-1.1092702
13.0,-0.6150993,-0.5886541,1.8347878,0.099922284,0.58365023,-1.3034036
14.0,-0.6207881,-0.5380599,1.7570819,0.2983135,0.57051456,-1.5073
15.0,-0.6165168,-0.53374857,1.7336273,0.36784208,0.5673233,-1.5671495
16.0,-0.61696684,-0.49808356,1.6815641,0.50061035,0.5734696,-1.7054276
17.0,-0.61466044,-0.4605812,1.6235504,0.6454443,0.5891264,-1.8542504
18.0,-0.6154358,-0.429508,1.5853498,0.7246777,0.6069068,-1.9423037
19.0,-0.6262231,-0.507382,1.7239828,0.37512684,0.5722908,-1.5956935
20.0,-0.625227,-0.4753338,1.6723295,0.50515145,0.57948375,-1.727391
21.0,-0.4487294,-0.6040635,1.6717165,0.47463658,1.3635101,-1.4331219
22.0,-0.44136313,-0.595044,1.6465967,0.5056777,1.4175707,-1.482141
23.0,-0.44245884,-0.5833603,1.617594,0.5359044,1.4198856,-1.5664178
24.0,-0.5151677,-0.5658195,1.6424574,0.5157338,1.0971028,-1.6180646
25.0,-0.522432,-0.52684504,1.5746522,0.62358034,1.0553643,-1.7727712
26.0,-0.44013005,-0.5701444,1.5833395,0.56814563,1.4390253,-2.0145254
27.0,-0.43807223,-0.55999583,1.5589898,0.5942978,1.418101,-1.7176524
28.0,-0.43559936,-0.54649,1.525014,0.624492,1.4306036,-1.7974898
29.0,-0.4785521,-0.5260792,1.5232905,0.666976,1.2211784,-1.8377107
30.0,-0.4396742,-0.5306552,1.4962144,0.66682595,1.3732185,-1.8751876
31.0,-0.4396742,-0.5306552,1.4962144,0.66682595,1.3732185,-1.8751876
32.0,-0.44142696,-0.53236127,1.4986978,0.64822394,1.3608944,-1.858049
33.0,-0.44494036,-0.5358018,1.5039012,0.6096983,1.3353598,-1.82255
34.0,-0.44996443,-0.54075706,1.5117294,0.5524836,1.2974197,-1.7698237
35.0,-0.4562196,-0.546979,1.5220485,0.4781099,1.2480742,-1.7012751
36.0,-0.46342328,-0.55421656,1.5347205,0.38813865,1.1883442,-1.6183382
37.0,-0.4712927,-0.5622186,1.549606,0.28413433,1.1192532,-1.5224483
38.0,-0.47954652,-0.5707343,1.5665648,0.16766198,1.0418243,-1.4150423
39.0,-0.48791453,-0.57951957,1.5854517,0.04028638,0.9570819,-1.2975571
40.0,-0.49620938,-0.5883737,1.6060857,-0.09643001,0.8660566,-1.1714312
41.0,-0.50437963,-0.597173,1.6282268,-0.24092805,0.76978976,-1.0381047
42.0,-0.5123926,-0.60580707,1.6516249,-0.3916483,0.66932374,-0.8990167
43.0,-0.52021873,-0.6141874,1.676023,-0.54703015,0.5657003,-0.75560725
44.0,-0.52782667,-0.6222412,1.7011591,-0.7055119,0.45996013,-0.6093165
45.0,-0.5351862,-0.6298975,1.7267715,-0.86553204,0.35314423,-0.46158406
46.0,-0.54226667,-0.63708484,1.7525985,-1.025529,0.246293,-0.31384847
47.0,-0.5490373,-0.64373237,1.7783778,-1.1839417,0.14044738,-0.16754928
48.0,-0.55546737,-0.6497696,1.8038479,-1.3392086,0.036648396,-0.024126317
49.0,-0.5615261,-0.65512615,1.8287463,-1.4897672,-0.064063296,0.11498013
50.0,-0.56718236,-0.6597317,1.8528112,-1.6340566,-0.16064684,0.24832903
51.0,-0.5724048,-0.6635157,1.8757814,-1.7705147,-0.2520616,0.37447947
52.0,-0.5771623,-0.66640705,1.8973953,-1.8975807,-0.3372667,0.49199128
53.0,-0.58142376,-0.66833514,1.9173903,-2.0136936,-0.41522148,0.599425
54.0,-0.5851578,-0.6692298,1.9355043,-2.1172917,-0.48488522,0.69534075
55.0,-0.5883327,-0.66902137,1.9514748,-2.206812,-0.54521763,0.7782972
56.0,-0.59091604,-0.66764176,1.9650381,-2.2806923,-0.5951789,0.84685373
57.0,-0.5928738,-0.6650376,1.975926,-2.3373752,-0.63373005,0.8995739
58.0,-0.5941737,-0.661289,1.983838,-2.3753474,-0.6598428,0.9350517
59.0,-0.5947936,-0.6574862,1.9882324,-2.393487,-0.67260695,0.95216167
60.0,-0.5947936,-0.6574862,1.9882324,-2.393487,-0.67260695,0.95216167
61.0,-0.5947936,-0.6574862,1.9882324,-2.393487,-0.67260695,0.95216167
62.0,-0.605001,-0.6554291,2.0436707,-2.5415425,-0.63560206,1.0670197
63.0,-0.5845862,-0.6680883,1.9593178,-2.3087873,-0.6910271,0.8951885
64.0,-0.6002225,-0.6743721,2.0661952,-2.5822744,-0.6196568,1.114275
65.0,-0.58361304,-0.6812053,1.9784214,-2.3385026,-0.67639005,0.926983
66.0,-0.5688263,-0.6778427,1.9148544,-2.1921406,-0.7251839,0.81354713
67.0,-0.5516363,-0.6676567,1.8468356,-2.0566797,-0.78551626,0.7050287
68.0,-0.5259604,-0.6536099,1.7691357,-1.9237928,-0.8638366,0.5971312
69.0,-0.5136586,-0.6334327,1.7251234,-1.8802133,-0.90733445,0.554785
70.0,-0.5484533,-0.65125865,1.8200492,-2.0246074,-0.80951566,0.67141
71.0,-0.5684677,-0.66073126,1.8907359,-2.1624374,-0.7452003,0.7806243
72.0,-0.5796454,-0.6526379,1.9168172,-2.2308652,-0.72457224,0.8260956
73.0,-0.5328611,-0.6546737,1.8314457,-2.1450098,-0.89280015,0.7393017
74.0,-0.44032088,-0.7034921,1.9737825,-2.728167,-1.335671,1.1177828
75.0,-0.42488086,-0.7022764,1.9948751,-2.8166447,-1.4526172,1.1427445
76.0,-0.4175934,-0.6984305,1.9686266,-2.781105,-1.4507747,1.1499932
77.0,-0.40205473,-0.6956591,1.9438883,-2.7469013,-1.4561799,1.1660289
78.0,-0.5117453,-0.64430493,1.7728001,-2.052278,-0.9467753,0.6583074
79.0,-0.44295377,-0.6831678,1.8491012,-2.4258566,-1.2263515,0.8102559
80.0,-0.4008607,-0.6888833,1.9264961,-2.7445927,-1.4739561,1.1680324
81.0,-0.39185894,-0.686282,1.9074785,-2.7147908,-1.4695537,1.17703
82.0,-0.3819562,-0.6801207,1.887154,-2.7053254,-1.486768,1.1876774
83.0,-0.43444943,-0.6722992,1.7985635,-2.3183036,-1.2238148,0.70709133
84.0,-0.49408463,-0.61701536,1.6735375,-1.8213525,-0.9613509,0.50233454
85.0,-0.47133926,-0.60133135,1.6220188,-1.7649368,-1.0202627,0.4489558
86.0,-0.36395627,-0.67097944,1.854646,-2.6832047,-1.504354,1.2063494
87.0,-0.3987524,-0.6528019,1.7177111,-2.195464,-1.2809429,0.54534703
88.0,-0.35956597,-0.6657914,1.7784775,-2.4495323,-1.4181052,0.5680547
89.0,-0.35034543,-0.6662196,1.8359731,-2.6666403,-1.5121262,1.2202656
90.0,-0.3389173,-0.65971196,1.8175102,-2.6611683,-1.5235616,1.2318902
91.0,-0.323533,-0.6535111,1.7975011,-2.6492388,-1.5324675,1.2474358
92.0,-0.34767047,-0.65669924,1.7365745,-2.3594155,-1.4146162,0.47862515
93.0,-0.35804176,-0.60538095,1.5715652,-1.9176195,-1.3209443,0.33383527
94.0,-0.30736876,-0.65401864,1.7684484,-2.552132,-1.5185381,0.37197936
95.0,-0.30725554,-0.6484148,1.7816714,-2.6411357,-1.5407131,1.263808
96.0,-0.29343614,-0.6436041,1.7680693,-2.6365337,-1.5476077,1.2776495
97.0,-0.2801729,-0.6421681,1.763133,-2.634219,-1.5527622,1.2909409
98.0,-0.32235658,-0.6091618,1.5731461,-1.9839854,-1.4000201,0.26994333
99.0,-0.3055962,-0.5196185,1.3699106,-1.5371249,-1.394065,0.14318426
100.0,-0.2662426,-0.6374226,1.7508827,-2.6322148,-1.5580697,1.3048311
101.0,-0.25058976,-0.6363875,1.7522358,-2.6464384,-1.5651655,1.320383
102.0,-0.26354125,-0.6363252,1.6779919,-2.3562918,-1.5306945,0.15188396
103.0,-0.25036037,-0.60043013,1.5443424,-2.0081306,-1.5316073,0.07049171
104.0,-0.23300488,-0.63059366,1.6615413,-2.3465934,-1.5611969,0.036785476
105.0,-0.24257019,-0.62999755,1.7304691,-2.6243596,-1.5647235,1.3284619
106.0,-0.22751236,-0.6293277,1.7299062,-2.6289425,-1.5687993,1.343477
107.0,-0.21772851,-0.6332385,1.7434919,-2.6437006,-1.573733,1.3532192
108.0,-0.2061699,-0.6034137,1.5557407,-2.0731468,-1.5940633,-0.048127662
109.0,-0.2105502,-0.62720764,1.725081,-2.630093,-1.5720782,1.3604002
110.0,-0.19880712,-0.62593126,1.7214088,-2.6280487,-1.5743704,1.3721347
111.0,-0.18588077,-0.6314392,1.6940063,-2.4832454,-1.5986466,-0.18206418
112.0,-0.17882553,-0.62520313,1.7189713,-2.6256552,-1.5788102,1.3921075
113.0,-0.16354762,-0.6274817,1.7272027,-2.6349792,-1.5814693,1.407351
114.0,-0.15316695,-0.624018,1.6405674,-2.312989,-1.6446594,-0.25642294
115.0,-0.17559674,-0.6314009,1.7457061,-2.6646566,-1.5748689,1.3952366
116.0,-0.16341157,-0.58265173,1.4982661,-1.9433826,-1.6626782,-0.15086582
117.0,-0.18681255,-0.4986064,1.308921,-1.5053174,-1.6396713,-0.05731842
118.0,-0.2247796,-0.5034649,1.3188652,-1.5038508,-1.5619079,0.007312597
119.0,-0.27703518,-0.5201946,1.3519636,-1.5112745,-1.4535431,0.0942256
120.0,-0.24818526,-0.5143556,1.3341845,-1.5002269,-1.5139569,0.045944124
121.0,-0.21886443,-0.51383406,1.3238535,-1.4891443,-1.5758132,-0.0040496076
122.0,-0.19426675,-0.5125166,1.3178016,-1.4859061,-1.6266413,-0.04516284
123.0,-0.17312878,-0.51349026,1.3177265,-1.4875004,-1.6709142,-0.081188425
124.0,-0.14231116,-0.5147325,1.3215722,-1.4965025,-1.733786,-0.13304384
125.0,-0.13939723,-0.5259103,1.3289772,-1.4832348,-1.7427859,-0.13756976
126.0,-0.09201548,-0.53180885,1.3493329,-1.513202,-1.8474017,-0.22417898
127.0,-0.11739891,-0.5311323,1.3383105,-1.490891,-1.7913581,-0.17641157
128.0,-0.16464016,-0.52532566,1.3246484,-1.4723527,-1.6906446,-0.09502716
129.0,-0.14706513,-0.5351035,1.3330598,-1.467123,-1.729029,-0.12398527
130.0,-0.17726873,-0.53388685,1.3300685,-1.4596885,-1.6660179,-0.0741896
131.0,-0.20535342,-0.53491545,1.3333005,-1.4578168,-1.6066959,-0.02781601
132.0,-0.23349732,-0.5382859,1.3424191,-1.4606282,-1.5460234,0.019083388
133.0,-0.18992737,-0.5756898,1.3910525,-1.5481347,-1.6369948,-0.05945988
134.0,-0.20742668,-0.5460864,1.3403003,-1.4433781,-1.6025351,-0.02407744
135.0,-0.23097965,-0.54815286,1.3472387,-1.4462278,-1.5518185,0.014339758
136.0,-0.25641534,-0.5477222,1.3581308,-1.4622842,-1.4971254,0.05611348
137.0,-0.25752288,-0.56992495,1.3863932,-1.4947377,-1.4954098,0.060614783
138.0,-0.28485304,-0.5618647,1.3826419,-1.4670933,-1.4352568,0.10158837
139.0,-0.30729195,-0.56987715,1.4031045,-1.4800864,-1.386221,0.13773449
140.0,-0.34767044,-0.5836887,1.447405,-1.5193186,-1.2963871,0.20546372
141.0,-0.3261815,-0.57037455,1.4189825,-1.5032823,-1.3452718,0.16999365
142.0,-0.37198895,-0.5854499,1.4730598,-1.5545013,-1.2427907,0.24836698
143.0,-0.34863696,-0.56783444,1.4382547,-1.5380229,-1.2981257,0.20920223
144.0,-0.30695748,-0.55357546,1.3926468,-1.4986268,-1.3889538,0.13931522
145.0,-0.28962624,-0.5412304,1.373292,-1.4971857,-1.4273311,0.111674495
146.0,-0.2692306,-0.5403878,1.3598112,-1.4794425,-1.469737,0.07814279
147.0,-0.2520611,-0.53035074,1.345822,-1.4821645,-1.5072643,0.049917392
148.0,-0.22961931,-0.52475196,1.3331231,-1.4771134,-1.5535436,0.013631731
149.0,-0.27494478,-0.53007954,1.3569613,-1.4974262,-1.457943,0.0890823
150.0,-0.32502803,-0.5452065,1.4022796,-1.530872,-1.3520077,0.17159829
151.0,-0.304502,-0.53356236,1.377998,-1.5192761,-1.3956478,0.13853878
152.0,-0.33235353,-0.53719336,1.4031904,-1.5489104,-1.3370776,0.18621904
153.0,-0.35208902,-0.5415679,1.4240204,-1.570667,-1.2945905,0.22060782
154.0,-0.38459426,-0.5571509,1.468641,-1.6061108,-1.2230552,0.27663198
155.0,-0.39942873,-0.5711598,1.496584,-1.6215607,-1.1883297,0.30233225
156.0,-0.44596848,-0.5941966,1.5761335,-1.7025387,-1.0802486,0.39225775
157.0,-0.35725543,-0.5554977,1.4388275,-1.564551,-1.2818209,0.22703747
158.0,-0.38004366,-0.5693263,1.4716942,-1.585762,-1.2298248,0.26585528
159.0,-0.41448075,-0.5898543,1.5280915,-1.6332412,-1.1496676,0.32849398
160.0,-0.43770218,-0.6055183,1.5722935,-1.6741512,-1.0936732,0.37413412
161.0,-0.4589529,-0.6142572,1.611461,-1.7218817,-1.0422455,0.4199236
162.0,-0.4793407,-0.6218281,1.6508714,-1.7731897,-0.9928876,0.46601743
163.0,-0.49446788,-0.64172834,1.6946988,-1.8114429,-0.94729835,0.5053373
164.0,-0.5145888,-0.6593361,1.7483283,-1.8740963,-0.887265,0.5630192
165.0,-0.4650079,-0.6295452,1.6329104,-1.7282826,-1.0217953,0.43298987
166.0,-0.422268,-0.6090106,1.5529615,-1.6358621,-1.1267325,0.3419723
167.0,-0.4460335,-0.6258679,1.5990312,-1.6780744,-1.0653569,0.39073226
168.0,-0.50228107,-0.6657742,1.7285877,-1.8268282,-0.91258025,0.53012854
169.0,-0.46832082,-0.64462507,1.6491072,-1.7268548,-1.005071,0.44131505
170.0,-0.41248247,-0.6165735,1.5444195,-1.6067668,-1.1448209,0.32181904
171.0,-0.44134888,-0.6356196,1.5986631,-1.6584053,-1.0711129,0.3803307
172.0,-0.4834558,-0.6649253,1.6920314,-1.7635591,-0.95835155,0.48044798
173.0,-0.5047472,-0.68152004,1.7460735,-1.8297601,-0.8953669,0.5407724
174.0,-0.45636216,-0.65325606,1.6355793,-1.6876982,-1.0272322,0.41483912
175.0,-0.38586578,-0.61053395,1.5062935,-1.5572886,-1.204597,0.27187496
176.0,-0.3388976,-0.61906564,1.4943433,-1.6058662,-1.323702,0.21573475
177.0,-0.38540602,-0.6742275,1.6134716,-1.768761,-1.2318052,0.3484324
178.0,-0.3424193,-0.6982627,1.6432136,-1.8989189,-1.3584989,0.2888242
179.0,-0.40859574,-0.71389407,1.7006115,-1.904006,-1.1919031,0.44999057
180.0,-0.40204325,-0.7460412,1.7611823,-2.0339053,-1.2338884,0.49259287
181.0,-0.35380143,-0.7565764,1.7671449,-2.1178262,-1.3768777,0.3679583
182.0,-0.3202327,-0.7571874,1.7678702,-2.1702902,-1.4622763,0.24345814
183.0,-0.28744873,-0.7632895,1.7894924,-2.258861,-1.5474002,0.06642954
184.0,-0.26083064,-0.76656646,1.8112426,-2.3398662,-1.606182,-0.124451816
185.0,-0.2492761,-0.76962644,1.8206962,-2.3571727,-1.6110718,-0.14747025
186.0,-0.25524753,-0.75589126,1.784476,-2.2993858,-1.5961632,-0.0818136
187.0,-0.29313752,-0.7305859,1.7079532,-2.0951927,-1.4953122,0.15371639
188.0,-0.23954834,-0.75620884,1.7930889,-2.3358297,-1.6152681,-0.15815689
189.0,-0.2563013,-0.7353269,1.7272109,-2.1842995,-1.5705441,0.00063434214
190.0,-0.30066806,-0.696204,1.6322011,-1.9361991,-1.4532782,0.18069123
191.0,-0.27450338,-0.6872035,1.6122774,-1.9296806,-1.5012777,0.1088538
192.0,-0.2548505,-0.66525286,1.5664598,-1.8606625,-1.527501,0.061672043
193.0,-0.23381148,-0.6595129,1.5545976,-1.8558822,-1.56282,0.011411842
194.0,-0.20935042,-0.6482409,1.5318525,-1.8276134,-1.6037073,-0.045404058
195.0,-0.24911745,-0.71012825,1.6655519,-2.0657694,-1.5582886,0.025210826
196.0,-0.22953042,-0.44469318,1.1917558,1.1002274,1.6160573,2.9834745
197.0,-0.22295678,-0.46381032,1.2261149,1.0667828,1.6145651,2.9774654
198.0,-0.2381496,-0.4708436,1.2410209,1.0622592,1.6127036,2.9863973
199.0,-0.22759695,-0.48125824,1.2606802,1.0460452,1.613384,2.9794817
200.0,-0.23503706,-0.49360073,1.2847502,1.0309277,1.6107316,2.9873025
201.0,-0.20636028,-0.4949875,1.2858921,1.0229326,1.6155969,2.9628904
202.0,-0.18852514,-0.48835388,1.272299,1.0287178,1.6188158,2.9494185
203.0,-0.1764839,-0.48274747,1.2620007,1.037419,1.6215593,2.942089
204.0,-0.19258751,-0.4720331,1.2394344,1.0467186,1.6171957,2.9568777
205.0,-0.21612099,-0.4810915,1.2593316,1.0424892,1.6145167,2.9720204
206.0,-0.21016034,-0.4548047,1.2076226,1.0746955,1.616448,2.9694684
207.0,-0.19864741,-0.45813116,1.2127172,1.0657037,1.6167635,2.9631708
208.0,-0.18491094,-0.45726004,1.2098533,1.0629312,1.6177667,2.9557495
209.0,-0.19056311,-0.4372786,1.1749773,1.1012372,1.6203338,2.9632845
210.0,-0.20177299,-0.43765062,1.176251,1.1027722,1.6195083,2.9678175
211.0,-0.21286957,-0.40789935,1.1324143,1.1787057,1.6125383,3.0213027
212.0,-0.2238223,-0.35222253,1.054089,1.3174149,1.5918183,3.097936
213.0,-0.20991069,-0.33162734,1.0222977,1.3610226,1.6074289,3.0715125
214.0,-0.19025323,-0.32687563,1.0129493,1.3666474,1.6330891,3.023134
215.0,-0.18042146,-0.3765459,1.0829684,1.2458749,1.6384814,2.9745665
216.0,-0.15527165,-0.3251249,1.0100188,1.366522,1.6812065,2.933329
217.0,-0.16304259,-0.20114066,0.8456422,1.6598209,1.6911441,3.0091658
218.0,-0.13304336,-0.1252571,0.75923645,1.8446492,1.7628821,2.99361
219.0,-0.11366579,-0.12474463,0.76133263,1.8324543,1.8048807,2.958922
220.0,-0.10866731,-0.1926809,0.8434378,1.6771312,1.8041795,2.9015627
221.0,-0.090247124,-0.20765829,0.868299,1.6407642,1.8434198,2.8496704
222.0,-0.039971437,-0.16260204,0.84453076,1.756396,1.981397,2.8152497
223.0,-0.01825657,-0.21036392,0.9165896,1.6400801,2.027415,2.7189689
224.0,-0.07993012,-0.28379926,0.97091377,1.464165,1.8345141,2.763286
225.0,-0.101256914,-0.29364538,0.97658753,1.44063,1.7846968,2.8102021
226.0,-0.12855493,-0.31450602,0.99870896,1.3919079,1.7255849,2.86981
227.0,-0.15754859,-0.3864985,1.098828,1.2235919,1.6565576,2.9211588
228.0,-0.17354056,-0.4282727,1.1617347,1.1241671,1.6273826,2.9521544
229.0,-0.15828267,-0.4504288,1.20078,1.0840994,1.6243808,2.945725
230.0,-0.17593688,-0.4689242,1.2346263,1.0540216,1.6209432,2.9468997
231.0,-0.15842167,-0.47060215,1.2395822,1.0568217,1.6249871,2.9367275
232.0,-0.14694482,-0.46873194,1.2368817,1.0622078,1.6274794,2.931404
233.0,-0.13524249,-0.47201526,1.2440618,1.0605595,1.6308119,2.921385
234.0,-0.14288639,-0.4850115,1.2687883,1.0420401,1.6301043,2.9180286
235.0,-0.12561156,-0.4877656,1.274708,1.041058,1.6345239,2.9040453
236.0,-0.09383111,-0.4474599,1.210872,1.1214325,1.7134722,2.7289405
237.0,-0.106240004,-0.43657026,1.1890383,1.1366715,1.6953279,2.7811522
238.0,-0.13680257,-0.45401004,1.2103511,1.0873756,1.6307045,2.9308658
239.0,-0.112363845,-0.37547407,1.091551,1.2597156,1.725715,2.7960997
240.0,-0.09305958,-0.37812427,1.101629,1.2593942,1.7613218,2.7327802
241.0,-0.059617642,-0.3580621,1.0855834,1.3074832,1.8482472,2.6410227
242.0,-0.013135411,-0.34659478,1.0963395,1.3266698,1.9839486,2.5141377
243.0,-0.016361056,-0.27453345,0.996875,1.4872769,2.0056841,2.6255984
244.0,0.03543662,-0.23345402,0.99908286,1.5812247,2.1885154,2.6084845
245.0,0.057140097,-0.24878272,1.043263,1.5262518,2.256668,2.5444572
246.0,0.08006909,-0.27314913,1.1020612,1.432279,2.329991,2.4468513
247.0,0.09973246,-0.30598468,1.1708293,1.3192928,2.40487,2.3307457
248.0,0.11568568,-0.34177116,1.2401671,1.1851155,2.473906,2.1927567
249.0,0.06414661,-0.32544827,1.1437451,1.3325046,2.2640014,2.3686883
250.0,0.025550688,-0.327446,1.1026444,1.3552878,2.1178188,2.4486954
251.0,-0.01858235,-0.4078954,1.1821685,1.2005568,1.9415927,2.4385462
252.0,-0.07746723,-0.4537562,1.226471,1.1148292,1.748155,2.6478133
253.0,-0.098518826,-0.49428546,1.290611,1.038862,1.67372,2.7788815
254.0,-0.12232335,-0.5094081,1.3169739,1.0142188,1.6381992,2.8847084
255.0,-0.1064397,-0.51492316,1.3280333,1.009604,1.6429094,2.8686469
256.0,-0.056927055,-0.5138059,1.3343906,1.0048088,1.7879932,2.4499857
257.0,-0.02970993,-0.45681274,1.2515094,1.1033794,1.8907734,2.3943138
258.0,0.0009985355,-0.4567242,1.2692395,1.0884835,1.9931653,2.2671866
259.0,0.038624182,-0.46043864,1.3024346,1.0362145,2.1330159,2.1079533
260.0,0.004148982,-0.53955024,1.3934832,0.8717171,2.0008166,1.9290832
261.0,0.06909557,-0.5297642,1.4299729,0.7632346,2.259053,1.7160419
262.0,0.063566215,-0.6065769,1.5521768,0.5113751,2.241083,1.388812
263.0,0.13180071,-0.52482045,1.5144253,0.4816977,2.5790572,1.453332
264.0,0.11985849,-0.4237804,1.3481258,0.93329424,2.5105457,1.9210701
265.0,0.10511248,-0.38176712,1.2727839,1.1159209,2.434618,2.1207128
266.0,0.08051305,-0.36560762,1.2164258,1.2099622,2.3220572,2.2341058
267.0,0.1328765,-0.4530726,1.4109694,0.746857,2.5687432,1.7298076
268.0,0.12639856,-0.38960359,1.3168209,0.9980608,2.5273485,1.996061
269.0,0.13624641,-0.512208,1.5084218,0.48421785,2.57699,1.463947
270.0,0.1265187,-0.5920284,1.6292516,0.20385545,2.5458848,1.1787744
271.0,0.11512826,-0.6419757,1.7053235,0.04005973,2.5079668,1.0112994
272.0,0.09781736,-0.69113976,1.8018289,-0.16051847,2.4342477,0.81605816
273.0,0.06301089,-0.7470614,1.914951,-0.37186378,2.31252,0.604033
274.0,0.017313365,-0.78593165,2.0106375,-0.535568,2.1684659,0.43411922
275.0,-0.025987696,-0.8135635,2.068507,-0.6230024,2.0487976,0.32483688
276.0,-0.074576214,-0.83122337,2.1184468,-0.6959195,1.9190197,0.22522889
277.0,-0.13046946,-0.85496396,2.0628886,-0.42759395,1.7683841,0.19193307
278.0,-0.024135232,-0.8060463,1.9539,-0.26973742,2.0311928,0.49156556
279.0,-0.08128151,-0.82906044,1.9696212,-0.22087987,1.8757595,0.37537253
280.0,-0.1337047,-0.81492794,1.8926398,0.036609713,1.7325765,0.3169535
281.0,-0.14486974,-0.75958604,1.7695869,0.33027634,1.6743126,0.41474748
282.0,-0.09262091,-0.7790024,1.815371,0.17458542,1.8054028,0.5534622
283.0,-0.115535535,-0.72830653,1.7063993,0.42631948,1.7043574,0.6704236
284.0,-0.050625596,-0.74215615,1.7451797,0.27437508,1.887899,0.80119383
285.0,0.009967186,-0.7722037,1.8766688,-0.12512125,2.1170776,0.65835655
286.0,0.027348643,-0.73971826,1.8021241,0.02958862,2.154692,0.8154624
287.0,0.052509677,-0.69912964,1.732148,0.1460781,2.229962,0.9774568
288.0,0.038732994,-0.65832335,1.6269602,0.3962142,2.15238,1.2074028
289.0,-0.031046089,-0.6922726,1.6461313,0.4400227,1.909509,1.0771635
290.0,-0.0826975,-0.70714724,1.6640953,0.4659088,1.7632463,0.90888315
291.0,-0.14214157,-0.6839674,1.6256196,0.5923681,1.6065419,-1.712959
292.0,-0.12368084,-0.67502177,1.6025426,0.602994,1.6289439,-1.6946206
293.0,-0.14104463,-0.67049056,1.5952964,0.6207157,1.6075742,-1.711909
294.0,-0.1546265,-0.65976334,1.5715799,0.6439776,1.601596,-1.7254889
295.0,-0.14082916,-0.6480698,1.5436184,0.6641526,1.6079451,-1.711721
296.0,-0.13532689,-0.6590966,1.5688382,0.6424707,1.6103979,-1.7062184
297.0,-0.11284007,-0.6643584,1.5780611,0.6222754,1.6426096,-1.6838894
298.0,-0.101442985,-0.65136755,1.5492022,0.6460645,1.6623322,-1.6726516
299.0,-0.026626775,-0.65396833,1.5706724,0.56291157,1.904063,1.2982486
300.0,-0.010542498,-0.6067168,1.4925408,0.6888115,1.9509654,1.581142
301.0,-0.11118993,-0.8266284,2.0056374,-2.6753387,-1.6299031,1.4597738
302.0,-0.11675592,-0.8081145,1.9010258,-2.4193165,-1.6415389,-0.2761975
303.0,-0.1324475,-0.80463654,1.8944678,-2.4152093,-1.6369886,-0.25818792
304.0,-0.1467601,-0.80918616,1.904344,-2.423737,-1.6336793,-0.24906766
305.0,-0.13370582,-0.819206,1.9442786,-2.5133758,-1.6312008,-0.31614327
306.0,-0.13045019,-0.82691026,1.996331,-2.645398,-1.6240252,1.4408284
307.0,-0.14817217,-0.82386917,1.9681262,-2.5699532,-1.6225724,-0.34037971
308.0,-0.1603602,-0.82879704,2.0512948,-2.7896588,-1.6001532,1.4103719
309.0,-0.16759844,-0.82576984,1.9776833,-2.5912516,-1.6139574,1.4046215
310.0,-0.18363717,-0.8295907,2.051074,-2.7845395,-1.5896208,1.3871375
311.0,-0.18458322,-0.82677937,1.9825839,-2.6018288,-1.6067449,1.3876499
312.0,-0.2065775,-0.8302985,2.0597458,-2.8025575,-1.5770217,1.3642149
313.0,-0.20826799,-0.8289158,2.0008724,-2.646874,-1.5929258,1.3634984
314.0,-0.19154465,-0.8190424,1.9404186,-2.4988344,-1.6146507,-0.22028804
315.0,-0.16848418,-0.8146126,1.9215984,-2.45557,-1.6255294,-0.23755004
316.0,-0.15612999,-0.8028892,1.8918158,-2.4152985,-1.6306009,-0.23520483
317.0,-0.14307456,-0.7972681,1.8800892,-2.4063466,-1.6332304,-0.24230868
318.0,-0.13704121,-0.78688323,1.8589761,-2.39169,-1.6330281,-0.23776539
319.0,-0.15559238,-0.7826318,1.851695,-2.3907375,-1.6276362,-0.21969661
320.0,-0.16192482,-0.79334396,1.8738993,-2.4074006,-1.6277345,-0.22476514
321.0,-0.16930944,-0.78488415,1.857213,-2.3975384,-1.624428,-0.21069698
322.0,-0.18141223,-0.79343426,1.875002,-2.4111755,-1.6225613,-0.20733015
323.0,-0.17321606,-0.80192024,1.8903432,-2.415634,-1.6260017,-0.21847999
324.0,-0.18682306,-0.80505955,1.8969427,-2.4211326,-1.622675,-0.20746024
325.0,-0.20061892,-0.8019026,1.8906474,-2.4173498,-1.6187897,-0.19181103
326.0,-0.19449818,-0.79203224,1.8728426,-2.4121957,-1.6187975,-0.19410123
327.0,-0.21754043,-0.79134935,1.8697615,-2.405304,-1.6138718,-0.17134184
328.0,-0.22443573,-0.8023511,1.8897018,-2.4116175,-1.6137724,-0.16909532
329.0,-0.23199405,-0.79293686,1.8714218,-2.4021373,-1.6109866,-0.15792556
330.0,-0.24772766,-0.792,1.8676944,-2.3947296,-1.6081952,-0.14435215
331.0,-0.24490987,-0.8020598,1.887277,-2.4053404,-1.609563,-0.1502193
332.0,-0.2579129,-0.8147349,1.920348,-2.4534183,-1.6004568,-0.13004269
333.0,-0.23836075,-0.8221168,1.9538019,-2.5302603,-1.5961846,-0.14491765
334.0,-0.22350459,-0.8168142,1.9296088,-2.473152,-1.6080317,-0.17254873
335.0,-0.21997298,-0.8255588,1.9729546,-2.5763817,-1.5966814,-0.17933898
336.0,-0.23864272,-0.829815,2.012775,-2.6770751,-1.5766778,1.3328499
337.0,-0.22758141,-0.83048,2.058647,-2.7986755,-1.5671313,1.3432134
338.0,-0.22342774,-0.8350985,2.0745409,-2.8102014,-1.5702958,1.3473686
339.0,-0.2409268,-0.8364436,2.0796063,-2.814483,-1.5619906,1.3298608
340.0,-0.23010096,-0.8411065,2.0958662,-2.8260558,-1.5685312,1.3406949
341.0,-0.20849256,-0.8353209,2.0775495,-2.8162684,-1.5770799,1.3622999
342.0,-0.21344867,-0.8412345,2.0988305,-2.8324149,-1.5759718,1.3573456
343.0,-0.22116041,-0.84631425,2.1164522,-2.8440409,-1.5737492,1.3496356
344.0,-0.24424577,-0.8442865,2.1081336,-2.8363757,-1.5623804,1.3265435
345.0,-0.252868,-0.83990556,2.092191,-2.8242314,-1.5570107,1.3179065
346.0,-0.26356408,-0.83765215,2.0841146,-2.8179815,-1.5511591,1.3071848
347.0,-0.2555849,-0.83198905,2.0629108,-2.7999167,-1.553917,1.315175
348.0,-0.2601901,-0.83022594,2.0237691,-2.7063391,-1.5633073,1.3109887
349.0,-0.27514824,-0.8344037,2.071918,-2.8073564,-1.5447326,1.2955575
350.0,-0.2872886,-0.83905953,2.0911393,-2.8261158,-1.5393054,1.2833825
351.0,-0.30268446,-0.8391395,2.0928187,-2.8292296,-1.5312709,1.2679094
352.0,-0.30325514,-0.8338906,2.070244,-2.805542,-1.5305891,1.2673053
353.0,-0.28811264,-0.83297807,2.065916,-2.8007479,-1.5382088,1.2825323
354.0,-0.27970344,-0.8299518,2.023555,-2.7074146,-1.5540804,1.2914141
355.0,-0.29052255,-0.8283585,1.998448,-2.64381,-1.5588073,1.2814518
356.0,-0.30939844,-0.8294266,2.046401,-2.7722447,-1.5293338,1.2611237
357.0,-0.29658258,-0.8248141,1.9696507,-2.5737522,-1.5674322,0.02354716
358.0,-0.27497318,-0.8134358,1.9150809,-2.443198,-1.5968617,-0.11122919
359.0,-0.26497737,-0.79536337,1.872357,-2.3924925,-1.6048262,-0.12963039
360.0,-0.27875158,-0.7936113,1.8669643,-2.384272,-1.6026349,-0.11915587
361.0,-0.26786932,-0.7845309,1.8499346,-2.3759267,-1.6052657,-0.12869036
362.0,-0.2840115,-0.78045386,1.835345,-2.3423443,-1.5817494,-0.037598092
363.0,-0.31262076,-0.7841415,1.8333223,-2.2946167,-1.5172521,0.15733339
364.0,-0.35765034,-0.7856053,1.8349746,-2.236583,-1.3930314,0.41296563
365.0,-0.3844924,-0.7973915,1.873888,-2.283782,-1.3208297,0.57656187
366.0,-0.28588468,-0.80368066,1.8869311,-2.3976808,-1.6001319,-0.11143085
367.0,-0.31611085,-0.80341905,1.8789788,-2.3585382,-1.5320324,0.13016963
368.0,-0.30438012,-0.818544,1.9376478,-2.498887,-1.5749139,-0.021290172
369.0,-0.37372708,-0.8218773,1.9603949,-2.5045455,-1.3663403,0.77408993
370.0,-0.31495348,-0.8286503,2.0123038,-2.6832094,-1.5411853,1.2562591
371.0,-0.36134702,-0.8292826,2.041768,-2.7342696,-1.409301,1.2747071
372.0,-0.32347772,-0.83177835,2.0614219,-2.7955608,-1.5203339,1.2469132
373.0,-0.32043818,-0.83681166,2.0834575,-2.819816,-1.5219786,1.250014
374.0,-0.3659505,-0.835517,2.0941353,-2.8268301,-1.400998,1.5555037
375.0,-0.44437578,-0.8186576,2.105865,-2.8136504,-1.1497592,1.4626276
376.0,-0.4128683,-0.8256966,2.0676084,-2.7461855,-1.2498683,1.3626598
377.0,-0.50020045,-0.79112816,2.0411623,-2.5862045,-0.93975437,1.1858652
378.0,-0.48462194,-0.7918383,1.9841458,-2.4470663,-0.9880472,1.0346572
379.0,-0.5707832,-0.73964506,2.0281746,-2.3943193,-0.6423929,1.011044
380.0,-0.5584424,-0.73605835,1.9579953,-2.2126825,-0.6881954,0.86727506
381.0,-0.536756,-0.7294202,1.8769011,-2.034232,-0.76785356,0.7229486
382.0,-0.48409522,-0.7516015,1.8456383,-2.0795522,-0.9704661,0.7058798
383.0,-0.44531417,-0.7403386,1.7780215,-1.9948719,-1.0984243,0.573579
384.0,-0.48729834,-0.6826395,1.7126713,-1.7681404,-0.9361498,0.49460012
385.0,-0.50925905,-0.6975818,1.7718143,-1.8556029,-0.87160665,0.56820136
386.0,-0.5371787,-0.71273965,1.8582555,-2.0163891,-0.78384054,0.69921345
387.0,-0.57334745,-0.7262496,2.0109773,-2.360843,-0.6499707,0.97528183
388.0,-0.5586035,-0.72215986,1.939694,-2.1888793,-0.7034963,0.84015536
389.0,-0.52571034,-0.69170874,1.8057061,-1.9340949,-0.8347858,0.6237735
390.0,-0.5548745,-0.7048904,1.9041154,-2.1308124,-0.7355205,0.7841634
391.0,-0.573645,-0.7072516,1.9770067,-2.298268,-0.67576474,0.91320187
392.0,-0.5349024,-0.6789272,1.8152238,-1.9724134,-0.82195,0.6458059
393.0,-0.5349024,-0.6789272,1.8152238,-1.9724134,-0.82195,0.6458059
394.0,-0.53524023,-0.6778462,1.8128971,-1.9536712,-0.8126869,0.6279031
395.0,-0.5359278,-0.67557186,1.8080801,-1.9148842,-0.7935192,0.590848
396.0,-0.5369171,-0.67212343,1.800924,-1.8573053,-0.76507336,0.5358502
397.0,-0.5381508,-0.6675331,1.7916121,-1.7824869,-0.7281164,0.4644301
398.0,-0.5395868,-0.6618341,1.7803059,-1.6920108,-0.6834353,0.37810487
399.0,-0.54120076,-0.65506077,1.7671925,-1.5874887,-0.63181084,0.2784004
400.0,-0.54297733,-0.64725286,1.752476,-1.4705025,-0.5740253,0.16681871
401.0,-0.54486924,-0.63842946,1.7363727,-1.3426408,-0.5108431,0.04487233
402.0,-0.54684573,-0.62861997,1.7191103,-1.2054911,-0.44305184,-0.08592071
403.0,-0.54885536,-0.61782134,1.7009221,-1.060653,-0.37142056,-0.22406474
404.0,-0.55089366,-0.60603654,1.6820483,-0.90971535,-0.29673466,-0.3680656
405.0,-0.55292946,-0.59325975,1.662717,-0.75425434,-0.21975262,-0.5164386
406.0,-0.5549535,-0.57953125,1.643128,-0.59584016,-0.14124371,-0.6676737
407.0,-0.55694044,-0.56499255,1.6234417,-0.43603063,-0.06197542,-0.82026905
408.0,-0.5588872,-0.5498274,1.6038178,-0.276385,0.017284803,-0.97273886
409.0,-0.5607767,-0.53422,1.5844464,-0.118446164,0.095763594,-1.1236236
410.0,-0.5625923,-0.5183891,1.5655392,0.036247395,0.17270038,-1.2714561
411.0,-0.564293,-0.5025342,1.5472866,0.18614988,0.24732147,-1.4147632
412.0,-0.56587124,-0.48686346,1.529859,0.32973856,0.31885839,-1.5520567
413.0,-0.5673074,-0.47153997,1.5134227,0.46547404,0.38654402,-1.681875
414.0,-0.5686078,-0.45671263,1.4981847,0.59184355,0.44960842,-1.80274
415.0,-0.56974924,-0.44250974,1.4843515,0.7073193,0.5072902,-1.9131871
416.0,-0.5707157,-0.4290552,1.4721355,0.81038123,0.5588097,-2.0117128
417.0,-0.57149446,-0.41650474,1.4617456,0.8995008,0.60339016,-2.0968595
418.0,-0.57208043,-0.40504438,1.4534082,0.9731432,0.64025176,-2.1671803
419.0,-0.5724856,-0.39494252,1.447345,1.029778,0.6686129,-2.2212367
420.0,-0.57271445,-0.3865289,1.4437444,1.0678992,0.68771374,-2.2576127
421.0,-0.57280433,-0.38058007,1.4425888,1.0863003,0.6969352,-2.2751598
422.0,-0.57280433,-0.38058007,1.4425888,1.0863003,0.6969352,-2.2751598
423.0,-0.57280433,-0.38058007,1.4425888,1.0863003,0.6969352,-2.2751598
424.0,-0.58722156,-0.41383043,1.5081193,0.94684553,0.64758855,-2.1382973
425.0,-0.60222995,-0.46610585,1.6020411,0.72445524,0.59424603,-1.9160157
426.0,-0.6103491,-0.52444494,1.7001488,0.46822274,0.56665343,-1.6574118
427.0,-0.6106944,-0.56613123,1.7675548,0.28641817,0.5667737,-1.4725577
428.0,-0.59381217,-0.453198,1.5681678,0.81857586,0.6100051,-2.0044577
429.0,-0.5998862,-0.48819867,1.624192,0.6830143,0.58290106,-1.865521
430.0,-0.6036445,-0.56916654,1.7470114,0.35577726,0.5613341,-1.5268915
431.0,-0.59437513,-0.6488489,1.8697973,0.031368125,0.5923205,-1.1925322
432.0,-0.6003749,-0.6098041,1.8063602,0.19856629,0.56879526,-1.3631586
433.0,-0.5832699,-0.441376,1.5332195,0.9180818,0.6302361,-2.0974367
434.0,-0.59187233,-0.48071682,1.5972546,0.762173,0.5932376,-1.9370573
435.0,-0.5998798,-0.52606374,1.6733295,0.55840325,0.5670591,-1.7303058
436.0,-0.5959924,-0.54688954,1.690886,0.5212603,0.5613019,-1.6822469
437.0,-0.5980526,-0.585217,1.7535701,0.34722894,0.5590878,-1.505691
438.0,-0.58724535,-0.6700041,1.8845559,-0.00073216564,0.5984444,-1.1467762
439.0,-0.5643934,-0.7325401,1.9827144,-0.24351248,0.671573,-0.89105237
440.0,-0.5452839,-0.7647358,2.0311854,-0.35731822,0.7269213,-0.7647246
441.0,-0.57692504,-0.7027793,1.9203348,-0.08650396,0.6186833,-1.0470737
442.0,-0.59150624,-0.5961736,1.750308,0.36569312,0.56481,-1.5104771
443.0,-0.5830685,-0.4989302,1.600467,0.7731443,0.5977981,-1.9334134
444.0,-0.57084036,-0.57923335,1.6824111,0.5447177,0.6658834,-1.6687211
445.0,-0.519894,-0.7205167,1.8461759,0.17632969,0.8628548,-1.1700865
446.0,-0.50473154,-0.699542,1.7801958,0.32800218,0.9305578,-1.3035277
447.0,-0.47978944,-0.68398964,1.7192868,0.45155704,1.0256209,-1.4099439
448.0,-0.48232397,-0.6472942,1.6548948,0.5698671,1.0205431,-1.5835541
449.0,-0.4091294,-0.6806292,1.6514465,0.5629804,1.2635666,-1.4490042
450.0,-0.31623253,-0.6698682,1.5992442,0.6310902,1.5241795,-1.8872879
451.0,-0.3607702,-0.6903288,1.6492913,0.5675078,1.4054496,-1.3075683
452.0,-0.41972438,-0.720644,1.7389731,0.42206147,1.2119708,-1.2133757
453.0,-0.35267308,-0.7228076,1.7150904,0.47635975,1.400216,-1.0275315
454.0,-0.30118522,-0.6773496,1.6172302,0.6180341,1.5325651,-1.8721218
455.0,-0.28204536,-0.66999745,1.6005613,0.6338044,1.5426944,-1.8529277
456.0,-0.2661385,-0.6688369,1.5985045,0.6375334,1.5511642,-1.8369772
457.0,-0.27810752,-0.6851677,1.6372334,0.6062945,1.5457754,-1.8489426
458.0,-0.29273918,-0.6968446,1.6621273,0.57815206,1.5361022,-1.8635193
459.0,-0.31784856,-0.7353602,1.7370807,0.45189187,1.4580847,-0.7625946
460.0,-0.4520038,-0.77804625,1.892413,0.10464258,1.0696152,-0.91841865
461.0,-0.48998666,-0.79312044,1.989543,-0.16124491,0.92290664,-0.79376507
462.0,-0.3886213,-0.8116558,1.9257015,0.047275368,1.2226753,-0.6661489
463.0,-0.32928777,-0.79456985,1.8595035,0.20534164,1.3762177,-0.5578125
464.0,-0.29416454,-0.73233896,1.7313473,0.47036287,1.4962636,-1.8636702
465.0,-0.26625025,-0.7153173,1.7015475,0.533549,1.5448123,-1.8367102
466.0,-0.26212627,-0.6919293,1.6549513,0.596265,1.5551426,-1.8329246
467.0,-0.2453874,-0.68835956,1.648236,0.6063333,1.5644265,-1.8161843
468.0,-0.25070083,-0.6797226,1.6256744,0.6195131,1.560146,-1.8215039
469.0,-0.23483053,-0.67863584,1.6243937,0.6238765,1.568643,-1.8056271
470.0,-0.22786772,-0.69015807,1.6529946,0.6036455,1.5730067,-1.798663
471.0,-0.20957582,-0.6867842,1.641326,0.60407495,1.5791241,-1.7803684
472.0,-0.19501401,-0.6862545,1.6377472,0.6010064,1.5845923,-1.7658061
473.0,-0.19703937,-0.6766721,1.6151406,0.61957043,1.583521,-1.7678418
474.0,-0.19794846,-0.6655234,1.5881338,0.63943297,1.5824254,-1.7687544
475.0,-0.18547833,-0.6573361,1.567436,0.6519487,1.5874356,-1.7562977
476.0,-0.17177773,-0.6541078,1.5590566,0.65622324,1.5935992,-1.7426164
477.0,-0.18130684,-0.66801274,1.5927411,0.6322923,1.5897448,-1.7521267
478.0,-0.17072353,-0.67564315,1.609633,0.6156841,1.5943798,-1.7415434
479.0,-0.15570477,-0.67346096,1.6033062,0.6173601,1.600993,-1.7265455
480.0,-0.15607075,-0.6919304,1.6447986,0.5779709,1.5999619,-1.726838
481.0,-0.15142174,-0.7187656,1.6937003,0.48916236,1.6333379,-1.7218118
482.0,-0.17753552,-0.69442016,1.653091,0.57784736,1.5907934,-1.7482859
483.0,-0.18438272,-0.7076887,1.6817894,0.54668754,1.5860317,-1.7550002
484.0,-0.19621298,-0.6998386,1.6679568,0.57093334,1.5830129,-1.7669419
485.0,-0.19953083,-0.7438615,1.7466538,0.42449936,1.5889153,0.124734715
486.0,-0.21461676,-0.6966014,1.6648825,0.58529633,1.5770625,-1.7853912
487.0,-0.22644866,-0.72847396,1.7234794,0.4883598,1.5631381,-1.796382
488.0,-0.23890658,-0.82750314,1.9183718,0.049039003,1.5281973,-0.09237583
489.0,-0.20968369,-0.8027731,1.8601583,0.17392674,1.5835958,0.036226217
490.0,-0.17067535,-0.8425689,1.9649693,-0.11344918,1.6665547,0.15072832
491.0,-0.21350585,-0.8651325,2.0487008,-0.30988997,1.5757421,0.0059061707
492.0,-0.27642372,-0.870442,2.085056,-0.3829964,1.4351639,-0.14725815
493.0,-0.24649918,-0.75745416,1.775304,0.38339072,1.5364839,-0.19776487
494.0,-0.25182956,-0.71678394,1.7047056,0.5303696,1.5527564,-1.8222739
495.0,-0.2871837,-0.7810116,1.8234205,0.28511667,1.4662361,-0.398079
496.0,-0.2766032,-0.8304449,1.9305576,0.032916833,1.4562931,-0.23941985
497.0,-0.36814642,-0.85394245,2.052482,-0.2769371,1.234237,-0.41042697
498.0,-0.3246928,-0.86728966,2.1538866,-0.5876147,1.3163967,-0.20846336
499.0,-0.40187484,-0.84468734,2.1905987,-0.72885156,1.1220568,-0.29859143
500.0,-0.49463317,-0.8097914,2.1190095,-0.5610288,0.8777046,-0.5352987
501.0,-0.5229979,-0.78438854,2.0845375,-0.48417822,0.8032615,-0.635889
502.0,-0.44694364,-0.82463616,2.1683466,-0.67786866,1.0121619,-0.39451435
503.0,-0.3854857,-0.83580136,2.200814,-0.75931436,1.1681592,-0.26498547
504.0,-0.30055648,-0.85164833,2.2110534,-0.7966624,1.3681376,-0.12628359
505.0,-0.21920286,-0.8517495,2.1990972,-0.7971323,1.5611887,-0.005893165
506.0,-0.16766502,-0.85045886,2.1795888,-0.7756079,1.6857128,0.070739545
507.0,-0.12147833,-0.832923,2.1575296,-0.7560052,1.7968569,0.14225736
508.0,-0.26291722,-0.8433161,2.2117076,-0.8136417,1.4583524,-0.06941846
509.0,-0.34172243,-0.8320059,2.214602,-0.80260044,1.2758993,-0.18816453
510.0,-0.433082,-0.8160871,2.183573,-0.7195963,1.0569211,-0.35618052
511.0,-0.49717447,-0.7967831,2.1252332,-0.5807269,0.88346046,-0.5318366
512.0,-0.525438,-0.77107817,2.0928328,-0.50884795,0.8113505,-0.62893283
513.0,-0.5557856,-0.73904234,2.0323646,-0.3688337,0.723217,-0.78226393
514.0,-0.5758922,-0.70534813,1.9772786,-0.23975153,0.6651838,-0.92126334
515.0,-0.60853577,-0.60226524,1.8312151,0.11997621,0.5795945,-1.3074421
516.0,-0.5988835,-0.6472801,1.9062037,-0.070043415,0.61188424,-1.1146505
517.0,-0.57553506,-0.70284355,1.9968237,-0.29043707,0.68130106,-0.88385403
518.0,-0.5511745,-0.73651046,2.0574782,-0.43425658,0.7539487,-0.729482
519.0,-0.52422804,-0.75952476,2.106073,-0.54638916,0.8304713,-0.60718775
520.0,-0.47322458,-0.7918234,2.160668,-0.669693,0.9610345,-0.4487588
521.0,-0.37595493,-0.8189928,2.2099462,-0.7902784,1.1995733,-0.24359845
522.0,-0.32311088,-0.82130474,2.219396,-0.82340014,1.3205279,-0.15903457
523.0,-0.2273025,-0.8301749,2.2076814,-0.8232643,1.5404894,-0.018753633
524.0,-0.1731385,-0.82791764,2.1895115,-0.8052654,1.6697276,0.06134269
525.0,-0.26713488,-0.82350874,2.2176352,-0.835085,1.4501958,-0.07512505
526.0,-0.30200607,-0.80998766,2.2227523,-0.84266573,1.370172,-0.12707238
527.0,-0.38029158,-0.8038335,2.2133641,-0.8047328,1.1951326,-0.24835998
528.0,-0.43695623,-0.79639417,2.1891134,-0.7406772,1.0572946,-0.35878885
529.0,-0.49272415,-0.7697967,2.1501803,-0.65200114,0.9213933,-0.49467456
530.0,-0.42279088,-0.7869169,2.2018888,-0.7774068,1.0970565,-0.32590005
531.0,-0.37373695,-0.7880047,2.219751,-0.8290405,1.2147028,-0.23543905
532.0,-0.32082585,-0.7935203,2.2265625,-0.85493785,1.3321133,-0.15305087
533.0,-0.23674077,-0.79715073,2.2183378,-0.860831,1.5207908,-0.0313524
534.0,-0.18550718,-0.7877574,2.2047637,-0.8546757,1.6365091,0.041358866
535.0,-0.1417082,-0.79250944,2.1822798,-0.82056403,1.7380456,0.10611596
536.0,-0.22860563,-0.8135238,2.2123673,-0.841614,1.5379024,-0.020489534
537.0,-0.17544879,-0.808936,2.1958435,-0.82762754,1.6625183,0.05726991
538.0,-0.13366981,-0.8067571,2.173678,-0.79798007,1.759075,0.11912275
539.0,-0.082394965,-0.7939847,2.1402452,-0.75543493,1.8834543,0.20346104
540.0,-0.043910686,-0.781651,2.1065407,-0.70799327,1.9788166,0.27432406
541.0,-0.03526485,-0.76532006,2.103195,-0.7130802,1.9943756,0.28816965
542.0,-0.09760348,-0.7738373,2.1590526,-0.7992412,1.8401666,0.17483415
543.0,-0.14427581,-0.76590455,2.1899943,-0.8510714,1.7290096,0.10131142
544.0,-0.06037567,-0.7505123,2.1336365,-0.77408004,1.9242269,0.23688388
545.0,-0.01052964,-0.74293065,2.0809786,-0.689098,2.0509038,0.33699054
546.0,0.056362737,-0.70595837,1.9797705,-0.525,2.2298281,0.5173947
547.0,0.024162404,-0.73403215,2.0310426,-0.6048568,2.1456418,0.4234455
548.0,0.06347635,-0.71205187,1.9553924,-0.47396684,2.2622135,0.5531985
549.0,-0.0063088527,-0.76126236,2.0665958,-0.6518276,2.0729063,0.35309312
550.0,0.042362053,-0.73602897,1.9912021,-0.5284193,2.209132,0.4871805
551.0,0.05784681,-0.73064226,1.9538668,-0.45926505,2.2628376,0.5487015
552.0,0.022350065,-0.7593737,2.0190928,-0.5666095,2.1617107,0.43339103
553.0,-0.08971455,-0.8132804,2.140034,-0.7423873,1.8712212,0.1932897
554.0,-0.043826442,-0.7998162,2.0989833,-0.6835816,1.9886585,0.2795006
555.0,0.02344323,-0.77002126,2.0092852,-0.5421688,2.1750512,0.44404468
556.0,-0.017907184,-0.7966227,2.065837,-0.6286872,2.0611045,0.33755654
557.0,0.04890533,-0.75510263,1.9555109,-0.447858,2.2575283,0.5357535
558.0,0.07631899,-0.72346854,1.8895005,-0.33294675,2.3435407,0.65496814
559.0,0.09854207,-0.68755233,1.8161423,-0.19516782,2.4212666,0.79285103
560.0,0.13333677,-0.5656702,1.6014289,0.2586788,2.554773,1.2425238
561.0,0.12418212,-0.61574054,1.6888853,0.061879624,2.5136583,1.0486733
562.0,0.09001366,-0.69826365,1.8593585,-0.2837764,2.3772118,0.7150778
563.0,0.110454604,-0.6588029,1.7834755,-0.13969107,2.4467332,0.85835344
564.0,0.1048468,-0.66852343,1.823708,-0.22364245,2.4132235,0.7873288
565.0,0.08367244,-0.69621706,1.9000108,-0.370912,2.3329773,0.6494893
566.0,0.10543211,-0.66253436,1.83749,-0.2587198,2.3982608,0.7646465
567.0,0.12793148,-0.6123411,1.7324425,-0.05032755,2.481332,0.96454686
568.0,0.13644318,-0.578674,1.6627052,0.1001077,2.5219655,1.1070452
569.0,0.13781363,-0.56118935,1.6171983,0.20819351,2.5441673,1.2051184
570.0,0.12831633,-0.6062664,1.6930143,0.044674855,2.5094094,1.0432608
571.0,0.14127599,-0.5200588,1.5418056,0.3844833,2.567216,1.375507
572.0,0.14450647,-0.46378312,1.4554157,0.59229743,2.5750473,1.5863616
573.0,0.13801493,-0.45076275,1.4191544,0.70335233,2.5713272,1.6905545
574.0,0.13343567,-0.3865783,1.3250763,0.9499114,2.534534,1.9515239
575.0,0.09527184,-0.28569824,1.1373283,1.3563552,2.375745,2.3694646
576.0,0.11020717,-0.3025569,1.1802131,1.2648633,2.422969,2.2780578
577.0,0.12537645,-0.33577383,1.2464005,1.1293228,2.4854188,2.1399379
578.0,0.14250937,-0.42189655,1.3891109,0.758737,2.5631926,1.755465
579.0,0.14635383,-0.5129609,1.5499623,0.35277224,2.562182,1.355462
580.0,0.14912134,-0.46598753,1.4734551,0.5332862,2.5722806,1.5351322
581.0,0.14418007,-0.38566047,1.3431827,0.8622025,2.546777,1.8685827
582.0,0.135173,-0.34544167,1.2756542,1.03839,2.5087707,2.0511954
583.0,0.125128,-0.3141267,1.216539,1.1629497,2.4641252,2.176208
584.0,0.11166911,-0.2857521,1.1580696,1.2749932,2.4111161,2.2884452
585.0,0.08240327,-0.2405946,1.0582283,1.4385182,2.3077629,2.4535713
586.0,0.06994904,-0.21466692,1.0072148,1.4926809,2.2597969,2.5090153
587.0,0.042764157,-0.19223414,0.9478773,1.5813125,2.1833072,2.6030266
588.0,0.025319822,-0.17631292,0.90903854,1.6282881,2.134578,2.6548116
589.0,0.0034373333,-0.1635774,0.8727524,1.6792313,2.0794008,2.7133002
590.0,0.057523448,-0.21598093,0.9962593,1.53471,2.2330418,2.5528247
591.0,0.029172955,-0.1935436,0.9375045,1.6190974,2.1541226,2.643913
592.0,0.06901059,-0.24303386,1.0474749,1.4863725,2.2789192,2.5035238
593.0,0.04679657,-0.22279431,0.99609274,1.5650283,2.213196,2.5859325
594.0,0.025635486,-0.2066929,0.95383614,1.6273276,2.1541295,2.6534266
595.0,0.0075803692,-0.19093423,0.916741,1.6684589,2.1028235,2.7021868
596.0,-0.00922398,-0.17318232,0.8785557,1.7034634,2.0554638,2.744583
597.0,-0.06515832,-0.14039417,0.799229,1.7891067,1.9166869,2.8668184
598.0,-0.092677146,-0.12706904,0.76952136,1.8171498,1.8515087,2.9203303
599.0,-0.07627836,-0.12482577,0.7715518,1.7994434,1.8865433,2.888037
600.0,-0.04462427,-0.14350727,0.8135459,1.761217,1.9629449,2.8240051
601.0,-0.025927735,-0.14329489,0.82313657,1.733607,2.004664,2.7829926
602.0,-0.056554217,-0.11838944,0.7692192,1.7769868,1.9282559,2.8473399
603.0,-0.020124532,-0.13321604,0.8113331,1.7229801,2.0133352,2.7685165
604.0,0.010182028,-0.15426657,0.86383235,1.6645365,2.0897806,2.6952562
605.0,0.044733077,-0.16614504,0.91032314,1.5801297,2.1729062,2.598453
606.0,0.021728007,-0.1450256,0.85886264,1.6385174,2.1109288,2.66348
607.0,0.0028389946,-0.13113657,0.8233682,1.6803974,2.0626702,2.7129288
608.0,-0.02923157,-0.11606214,0.77961344,1.737577,1.9864562,2.7880542
609.0,-0.04858206,-0.105204195,0.75262845,1.7652682,1.9412227,2.8289394
610.0,-0.07199233,-0.08717587,0.7146176,1.7927598,1.8853036,2.8759418
611.0,-0.094764955,-0.07969628,0.6954443,1.8154081,1.8344412,2.9210474
612.0,-0.11957054,-0.06618573,0.6686997,1.8329644,1.7797506,2.966503
613.0,-0.14236194,-0.062385023,0.66052383,1.8426539,1.7314956,3.0074115
614.0,-0.11746024,-0.21357751,0.8580708,1.4125534,1.7296395,2.8508272
615.0,-0.11746024,-0.21357751,0.8580708,1.4125534,1.7296395,2.8508272
616.0,-0.11762619,-0.21848097,0.86236054,1.3883822,1.7095144,2.841978
617.0,-0.11797897,-0.22829728,0.87137794,1.338248,1.6678196,2.823704
618.0,-0.11851885,-0.24228236,0.88499457,1.263694,1.6059039,2.7966254
619.0,-0.11923963,-0.25958216,0.9030272,1.1666443,1.5254468,2.7614655
620.0,-0.1201435,-0.27931002,0.92530775,1.0490848,1.4281583,2.7189915
621.0,-0.12123277,-0.3005549,0.95169306,0.9129773,1.3157359,2.6700208
622.0,-0.12249767,-0.32245356,0.9820326,0.76027423,1.1898651,2.6153357
623.0,-0.12390664,-0.34459314,1.0159783,0.59296256,1.0522164,2.5556746
624.0,-0.12540291,-0.3667667,1.0530688,0.41303644,0.90446395,2.4917045
625.0,-0.12693886,-0.38876733,1.0928147,0.22254243,0.74828935,2.4241045
626.0,-0.12848414,-0.41043675,1.1347651,0.023541728,0.58537734,2.3535862
627.0,-0.13002698,-0.4316807,1.1785028,-0.18185169,0.41739917,2.2808867
628.0,-0.13156,-0.45242655,1.2235858,-0.39153355,0.24603258,2.206743
629.0,-0.13307166,-0.47258887,1.2695427,-0.60342467,0.07296564,2.1318998
630.0,-0.13456346,-0.49205396,1.3158617,-0.8154606,-0.10010643,2.0571127
631.0,-0.13604054,-0.5106901,1.3620785,-1.0255784,-0.27150956,1.9831018
632.0,-0.1375191,-0.5283729,1.4077306,-1.2316792,-0.43957287,1.9106017
633.0,-0.13899824,-0.5449534,1.4523408,-1.4316435,-0.60261303,1.8403133
634.0,-0.14047787,-0.5603058,1.4953905,-1.6233712,-0.75890887,1.772976
635.0,-0.14194483,-0.57430744,1.5363499,-1.8047827,-0.90675974,1.7093323
636.0,-0.14339808,-0.5868659,1.5747381,-1.9738196,-1.0444828,1.6501448
637.0,-0.14483282,-0.5978796,1.6101009,-2.1283872,-1.1704218,1.5961539
638.0,-0.14625534,-0.6072292,1.6419927,-2.2663598,-1.2829037,1.5480714
639.0,-0.14764398,-0.61480963,1.6699476,-2.38563,-1.3802384,1.5065783
640.0,-0.14893685,-0.620633,1.6933761,-2.4841506,-1.4607426,1.4723377
641.0,-0.15002441,-0.62478757,1.711641,-2.5599215,-1.5227277,1.4460138
642.0,-0.15079854,-0.6273919,1.7240794,-2.610973,-1.5645124,1.428282
643.0,-0.15118264,-0.6285692,1.7301413,-2.635644,-1.5847118,1.4197112
644.0,-0.15118264,-0.6285692,1.7301413,-2.635644,-1.5847118,1.4197112
645.0,-0.15118264,-0.6285692,1.7301413,-2.635644,-1.5847118,1.4197112
646.0,-0.13866723,-0.63078856,1.7360369,-2.6373396,-1.587981,1.4322242
647.0,-0.11395833,-0.6280801,1.6576294,-2.339385,-1.6884466,-0.41412058
648.0,-0.11829007,-0.6331802,1.7424735,-2.6379902,-1.5955358,1.4525888
649.0,-0.098541036,-0.6319663,1.6746148,-2.3728046,-1.7013508,-0.48775432
650.0,-0.11205058,-0.6413995,1.7688235,-2.6599503,-1.5929943,1.4588103
651.0,-0.08252916,-0.6399789,1.7132887,-2.4587946,-1.7000295,-0.6022637
652.0,-0.09493106,-0.6389356,1.7596165,-2.6462421,-1.6063222,1.4759167
653.0,-0.090696,-0.6460875,1.7832166,-2.6670086,-1.6062068,1.4801311
654.0,-0.038326643,-0.62013584,1.6300302,-2.1897771,-1.8545654,-0.59673214
655.0,-0.084910505,-0.65013236,1.7980478,-2.6824641,-1.6026092,1.4859068
656.0,-0.06257606,-0.6531281,1.7766138,-2.5800319,-1.6779091,-0.75003505
657.0,-0.06709823,-0.64783657,1.7892464,-2.6666136,-1.6221572,1.5036899
658.0,-0.059227727,-0.6512556,1.8007658,-2.6747758,-1.6276245,1.5115435
659.0,-0.051603492,-0.6569843,1.8187318,-2.6850326,-1.6379372,1.5191432
660.0,-0.04265538,-0.6610882,1.8334999,-2.6963253,-1.647175,1.5280699
661.0,-0.028780041,-0.6557502,1.7756952,-2.520928,-1.7758559,-0.8709303
662.0,-0.014527671,-0.6589875,1.7928588,-2.5388565,-1.8072914,-0.9505668
663.0,0.069288716,-0.5726692,1.5628505,-1.8486574,-2.2407184,-0.6233774
664.0,0.084521286,-0.5833649,1.6055112,-1.9161619,-2.2886245,-0.68607485
665.0,0.05365348,-0.5786629,1.5409755,-1.7892506,-2.205688,-0.5725207
666.0,0.08963755,-0.60244554,1.635341,-1.9379218,-2.319063,-0.71386975
667.0,0.10308662,-0.6143997,1.6844159,-2.0226722,-2.3680453,-0.7884344
668.0,0.100548975,-0.5974662,1.6580652,-2.000623,-2.3449936,-0.7636058
669.0,0.11646035,-0.61142766,1.7194291,-2.1121082,-2.4065576,-0.8618026
670.0,0.1264925,-0.6166115,1.7643769,-2.2114747,-2.4458995,-0.9443223
671.0,0.13734427,-0.6175023,1.8148127,-2.34231,-2.4896948,-1.0523185
672.0,0.14213,-0.6214487,1.8571361,-2.452764,-2.5195038,-1.1443144
673.0,0.15093164,-0.60136473,1.8753684,-2.5519314,-2.5332882,-1.2186576
674.0,0.14062198,-0.60517126,1.8079801,-2.3507094,-2.4855964,-1.0542922
675.0,0.12645663,-0.6008781,1.7409548,-2.1884665,-2.427756,-0.9198271
676.0,0.11426006,-0.5957472,1.6940273,-2.0872219,-2.3833973,-0.83467937
677.0,0.017266188,-0.6641189,1.8336425,-2.5830069,-1.8950535,-1.1088542
678.0,-0.0029417926,-0.66326654,1.8167145,-2.5728486,-1.8292334,-1.0326208
679.0,-0.035379697,-0.6662524,1.8523043,-2.7110476,-1.658108,1.5353237
680.0,-0.031004973,-0.6726468,1.875731,-2.7315013,-1.6669908,1.5396793
681.0,-0.01984953,-0.6749764,1.8922518,-2.754075,-1.6706303,1.5508604
682.0,-0.014508626,-0.67940795,1.9112182,-2.7712667,-1.6865473,1.5561979
683.0,0.009933393,-0.67856437,1.9003718,-2.711287,-1.8204553,-1.2521873
684.0,-0.009836083,-0.68327034,1.9317164,-2.7950134,-1.6939893,1.5608883
685.0,0.021157967,-0.67922276,1.9259593,-2.7585676,-1.856524,-1.3643339
686.0,-0.0045525106,-0.68892014,1.9665718,-2.839241,-1.6938231,1.5662093
687.0,-0.0017648081,-0.69300914,1.9948297,-2.875248,-1.7071941,1.569015
688.0,-0.0017648081,-0.69300914,1.9948297,-2.875248,-1.7071941,1.569015
689.0,-0.0017005666,-0.6929445,1.9912529,-2.8540118,-1.6858603,1.5699403
690.0,-0.0014613677,-0.69248986,1.9838032,-2.8102417,-1.6412556,1.5717275
691.0,-0.00095239707,-0.69119966,1.9727684,-2.745432,-1.5744581,1.5742216
692.0,-0.00013001707,-0.68900883,1.9585913,-2.6613722,-1.4869654,1.5774533
693.0,0.0010021472,-0.68577313,1.9418957,-2.5595517,-1.3805522,1.5815808
694.0,0.0023973382,-0.6818195,1.9232138,-2.441469,-1.2570407,1.5868237
695.0,0.004021512,-0.6772564,1.903089,-2.3084428,-1.1183186,1.5932487
696.0,0.005855902,-0.67249745,1.8816268,-2.161946,-0.96607643,1.6007853
697.0,0.0079463,-0.6675155,1.858878,-2.0034819,-0.8019538,1.6089339
698.0,0.010339027,-0.66245234,1.8345742,-1.8347472,-0.6274549,1.6172723
699.0,0.01310224,-0.6568871,1.8086078,-1.6574745,-0.44420847,1.6251012
700.0,0.016222067,-0.65075445,1.7808928,-1.4736099,-0.2540028,1.6321193
701.0,0.019655028,-0.64363706,1.7516079,-1.2851044,-0.05898886,1.6379777
702.0,0.02325647,-0.6356547,1.7210383,-1.094222,0.1385445,1.6427053
703.0,0.02689257,-0.6266564,1.6895596,-0.9031319,0.33602962,1.6462427
704.0,0.030398123,-0.6170086,1.6576178,-0.71433717,0.53108793,1.6487222
705.0,0.03369211,-0.60670507,1.6256423,-0.5299883,0.72134745,1.6501842
706.0,0.0367045,-0.5960808,1.5941713,-0.35237733,0.904857,1.6508112
707.0,0.039449416,-0.5849765,1.5638446,-0.18331526,1.0796489,1.6508296
708.0,0.041915,-0.5735111,1.5353993,-0.024669548,1.2441442,1.6506178
709.0,0.044121254,-0.56162524,1.5094826,0.12200359,1.3964841,1.650453
710.0,0.04602753,-0.5495275,1.4867086,0.2549483,1.5350536,1.6506975
711.0,0.047614314,-0.5373826,1.4673918,0.37250054,1.6579354,1.6513103
712.0,0.04882873,-0.5256261,1.4516753,0.47290748,1.7634635,1.6523017
713.0,0.049675595,-0.51466143,1.4395163,0.5545831,1.84985,1.6533496
714.0,0.05017161,-0.5051816,1.4307873,0.61619765,1.9156516,1.654303
715.0,0.05039892,-0.4980524,1.4252647,0.6568005,1.959451,1.6549406
716.0,0.05045562,-0.49424943,1.422773,0.6759724,1.9803822,1.6552507
717.0,0.05045562,-0.49424943,1.422773,0.6759724,1.9803822,1.6552507
718.0,0.05045562,-0.49424943,1.422773,0.6759724,1.9803822,1.6552507
719.0,0.10764723,-0.48620045,1.4643266,0.5817084,2.2474744,1.5532923
720.0,0.044762153,-0.5494046,1.5352381,0.5204804,1.961683,1.4029152
721.0,-0.0033030838,-0.54664284,1.5064493,0.59459966,1.7054553,-1.5741291
722.0,-0.0066272253,-0.5598504,1.5393863,0.5655322,1.693853,-1.577472
723.0,-0.009258926,-0.5735761,1.5712376,0.5284974,1.7183079,1.2757607
724.0,0.0509616,-0.5787764,1.6059985,0.40360886,2.0103567,1.2510788
725.0,0.14722581,-0.546698,1.6543324,0.100927785,2.5060492,1.1306993
726.0,0.15644453,-0.47960833,1.526908,0.3817991,2.5602505,1.4017317
727.0,0.15451542,-0.43482393,1.4397037,0.5975992,2.5686142,1.6084956
728.0,0.15218048,-0.48511252,1.5197371,0.41017136,2.5643234,1.4207652
729.0,0.14795059,-0.5312593,1.5998062,0.22648096,2.5447562,1.2411534
730.0,0.1394503,-0.574248,1.6750097,0.064910874,2.5137868,1.083527
731.0,0.12349502,-0.6237175,1.7725887,-0.13736208,2.4518611,0.88911974
732.0,0.087900825,-0.6799326,1.905496,-0.39240247,2.3273118,0.6468865
733.0,0.120402694,-0.62852323,1.8055968,-0.20986293,2.4255853,0.8303994
734.0,0.13711695,-0.5874055,1.7303958,-0.06350822,2.4785,0.97433597
735.0,0.00079995446,-0.61536294,1.6689994,0.36647558,1.8388641,1.0502805
736.0,-0.018524602,-0.5919864,1.6164125,0.48363268,1.7100658,1.1458415
737.0,-0.029540332,-0.60447335,1.6509931,0.45869136,1.6830664,-1.6004663
738.0,-0.038984813,-0.61790174,1.6822045,0.42021093,1.6912427,0.94685274
739.0,0.018069796,-0.6346459,1.7222693,0.24215315,1.942028,0.97528297
740.0,0.090490006,-0.6477865,1.8274324,-0.15945695,2.2789223,0.8142351
741.0,0.09084537,-0.66774213,1.9100386,-0.40988326,2.3222113,0.64355505
742.0,0.04039001,-0.69775254,1.9324206,-0.32131246,2.1352794,0.6059903
743.0,-0.064445175,-0.649571,1.7517984,0.31661668,1.7027793,0.7099182
744.0,-0.05425746,-0.6312107,1.7160156,0.38582084,1.680036,0.8260168
745.0,-0.076244526,-0.6430859,1.7518431,0.361265,1.6547077,-1.6469713
746.0,-0.092031516,-0.6514811,1.774934,0.33978686,1.6444731,-1.6626133
747.0,-0.06958088,-0.6722435,1.8019499,0.21670265,1.7362851,0.62520033
748.0,-0.1051839,-0.6644931,1.7944453,0.28845236,1.6568378,0.5101373
749.0,0.036004294,-0.7120328,2.0216043,-0.6013831,2.166469,0.4479161
750.0,0.0018239015,-0.7252765,2.0657215,-0.66357565,2.0728126,0.36893442
751.0,-0.12883687,-0.66902524,1.8174182,0.2865622,1.6284925,0.39922684
752.0,-0.14605182,-0.6711686,1.8293016,0.28684372,1.612481,-1.7159442
753.0,-0.09327071,-0.7389454,1.9719285,-0.19005944,1.7830079,0.34664786
754.0,-0.11601616,-0.75140214,2.0113864,-0.27365965,1.7518177,0.2656947
755.0,-0.16559486,-0.68011284,1.8440315,0.2534371,1.6068047,0.22870554
756.0,-0.17377818,-0.7449109,1.9816462,-0.12974232,1.6358211,0.12918383
757.0,-0.18406393,-0.67873657,1.852888,0.2677685,1.5890014,-1.7534751
758.0,-0.20885727,-0.68718827,1.8674319,0.234771,1.5746043,0.024241056
759.0,-0.22881535,-0.69554055,1.8796445,0.19884163,1.5580622,-0.066887274
760.0,-0.23741473,-0.68463546,1.8718626,0.2524777,1.55703,-1.8061715
761.0,-0.2635744,-0.7075491,1.9055315,0.14113988,1.517743,-0.22110754
762.0,-0.26039073,-0.68557954,1.8745058,0.24953969,1.5427762,-1.8288646
763.0,-0.2811893,-0.6864742,1.875774,0.24554402,1.5290508,-0.2961078
764.0,-0.30381215,-0.6867249,1.8738337,0.24200349,1.5106183,-0.3990155
765.0,-0.3194041,-0.68155384,1.8669199,0.26387703,1.5074407,-1.8878413
766.0,-0.33648944,-0.6776521,1.8585509,0.277377,1.4991798,-1.905237
767.0,-0.36417884,-0.7152158,1.9293044,0.070058145,1.3830146,-0.56455475
768.0,-0.33664668,-0.718064,1.9329195,0.069408536,1.4231867,-0.4629799
769.0,-0.31393456,-0.73547876,1.9713525,-0.034697026,1.4341235,-0.3381659
770.0,-0.32327724,-0.77329516,2.1222138,-0.47639367,1.3608625,-0.24336419
771.0,-0.28026405,-0.7617451,2.232373,-0.8987184,1.4278595,-0.09143493
772.0,-0.19962727,-0.7694308,2.213416,-0.8790615,1.604179,0.021151852
773.0,-0.24854808,-0.7828334,2.2241838,-0.8779575,1.4956585,-0.04738336
774.0,-0.31217536,-0.77507704,2.2307816,-0.8775199,1.3553433,-0.13861966
775.0,-0.37661836,-0.7628626,2.225278,-0.85515666,1.2151656,-0.23737162
776.0,-0.42616302,-0.7565815,2.209641,-0.8113456,1.1031817,-0.32487777
777.0,-0.46979174,-0.7450523,2.1841846,-0.749427,1.0008655,-0.41874027
778.0,-0.5033059,-0.73917675,2.1536534,-0.67383444,0.9147923,-0.5087069
779.0,-0.42018014,-0.77259195,2.2076902,-0.79911494,1.1105142,-0.31690866
780.0,-0.47023728,-0.76224643,2.1772099,-0.72395283,0.99044615,-0.42574254
781.0,-0.51794314,-0.74467826,2.1287506,-0.60927814,0.86696565,-0.5647324
782.0,-0.553024,-0.7109157,2.0845876,-0.51204437,0.78305066,-0.69038576
783.0,-0.58301544,-0.6746996,2.0240464,-0.37331975,0.7059381,-0.8441261
784.0,-0.53402567,-0.7161564,2.120761,-0.6014881,0.8424546,-0.60374504
785.0,-0.49085897,-0.71154344,1.98744,-0.13908456,1.0522312,-0.81894064
786.0,-0.39222905,-0.7114543,1.9250293,0.068682835,1.3356575,-0.6654709
787.0,-0.35761437,-0.674744,1.8478047,0.28277346,1.4784169,-0.6740592
788.0,-0.36312255,-0.6663577,1.8233007,0.31461108,1.4779253,-1.932555
789.0,-0.38178235,-0.6621631,1.8132663,0.3232269,1.4594126,-0.85448325
790.0,-0.39777246,-0.6580529,1.805446,0.3322939,1.4478171,-0.9306415
791.0,-0.40508407,-0.6498057,1.7885706,0.36162275,1.4611536,-1.9759625
792.0,-0.47890317,-0.67816675,1.8774531,0.12681155,1.1522521,-1.0198715
793.0,-0.4063661,-0.64676833,1.7727836,0.36691892,1.439088,-1.0347377
