ur20-shoulder_pan_joint,ur20-shoulder_lift_joint,ur20-elbow_joint,ur20-wrist_1_joint,ur20-wrist_2_joint,ur20-wrist_3_joint
-0.3546799,-0.7742422,2.245707,-0.80618864,1.2524682,-0.240797
-0.35244495,-0.786734,2.2600102,-0.8618762,1.2468016,-0.21957111
-0.35593066,-0.8106369,2.2529008,-0.83116794,1.2299858,-0.23001586
-0.36411425,-0.82720536,2.245826,-0.8042822,1.2052734,-0.2469873
-0.39615273,-0.8134045,2.2401485,-0.79098856,1.133903,-0.3026602
-0.38732362,-0.7998057,2.2473896,-0.8167654,1.160739,-0.28333658
-0.4118391,-0.7784683,2.244789,-0.81674063,1.112014,-0.3244794
-0.40604213,-0.7653497,2.2505126,-0.8389861,1.131452,-0.31042075
-0.43553624,-0.76431257,2.2362309,-0.79897,1.0610527,-0.3709273
-0.42726332,-0.7867432,2.2335763,-0.78202236,1.0690751,-0.36050323
-0.428865,-0.7994376,2.2278225,-0.76159793,1.0582561,-0.36834246
-0.44694114,-0.8036903,2.2130342,-0.72084856,1.0084136,-0.41343802
-0.46858594,-0.7873583,2.202289,-0.6993152,0.9627037,-0.46096948
-0.46952665,-0.8023677,2.1941624,-0.6729823,0.94969577,-0.47095764
-0.44978392,-0.82318777,2.201615,-0.6848405,0.9882776,-0.42896467
-0.44051382,-0.8381349,2.2021751,-0.68209976,1.0050666,-0.41047117
-0.460022,-0.8400093,2.1831248,-0.6336035,0.9484597,-0.4640916
-0.46876398,-0.8262689,2.1811297,-0.6324936,0.93326205,-0.48308843
-0.48435315,-0.8048353,2.1739285,-0.62083876,0.9029468,-0.5217746
-0.49603847,-0.78842944,2.1676257,-0.61009896,0.88027996,-0.5524647
-0.49785632,-0.77180475,2.1759691,-0.63726926,0.8895478,-0.5454623
-0.50559443,-0.7588931,2.1729333,-0.63488877,0.8779465,-0.5627607
-0.5119728,-0.73828787,2.1765716,-0.6536867,0.8782297,-0.5675321
-0.5342015,-0.731954,2.1439168,-0.57225937,0.81517893,-0.6527643
-0.54103965,-0.7373574,2.1238172,-0.51799065,0.7842827,-0.69659495
-0.52391154,-0.7577534,2.1429758,-0.5591745,0.82113457,-0.6365328
-0.51671225,-0.77082926,2.1458647,-0.5614878,0.8307957,-0.61963636
-0.512806,-0.78818685,2.138692,-0.5374613,0.8247955,-0.62224966
-0.4975359,-0.80580825,2.1522734,-0.5661737,0.858632,-0.5741458
-0.48887444,-0.8220926,2.1542149,-0.56675965,0.87199914,-0.55356616
-0.52939874,-0.7820267,2.1024325,-0.44846046,0.7671449,-0.70836276
-0.53893214,-0.76483613,2.0936286,-0.4308255,0.7502725,-0.74265534
-0.5483124,-0.74669224,2.0854888,-0.4151596,0.7353013,-0.7759797
-0.55129176,-0.73445743,2.0935264,-0.440465,0.7430587,-0.767223
-0.5667239,-0.71102804,2.0687437,-0.38601595,0.7105527,-0.8375368
-0.57393146,-0.6910055,2.0724626,-0.40465295,0.71298146,-0.84195435
-0.55580014,-0.71027994,2.111878,-0.49884936,0.76297915,-0.74157244
-0.5855108,-0.67763674,2.0309463,-0.2994335,0.67013764,-0.94326156
-0.5839253,-0.68304825,2.0210512,-0.2701027,0.66173077,-0.961929
-0.5831364,-0.68647885,2.0076098,-0.23234242,0.6506797,-0.98915726
-0.58199257,-0.6901259,1.9945664,-0.19564413,0.6403246,-1.0151137
-0.5751056,-0.70691663,1.9992664,-0.20238581,0.64455664,-0.99259305
-0.5639162,-0.73220766,2.02587,-0.26602727,0.6694682,-0.9146671
-0.5564241,-0.74925226,2.0344954,-0.28390855,0.6795448,-0.8821631
-0.5428359,-0.7733604,2.0484889,-0.30881068,0.70960337,-0.8322047
-0.5478367,-0.7589189,2.0650764,-0.3593103,0.71352804,-0.80989945
-0.5586802,-0.7386294,2.052217,-0.33291838,0.69568443,-0.85338736
-0.56641424,-0.72117275,2.0487645,-0.32998863,0.6897291,-0.8740461
-0.5962303,-0.65577286,1.9833977,-0.18100432,0.632829,-1.0602794
-0.5966458,-0.6540134,2.0011566,-0.23080581,0.64640063,-1.0215698
-0.60782963,-0.62599444,1.9478796,-0.09668651,0.6103275,-1.1568161
-0.60584587,-0.62674904,1.9320602,-0.050391227,0.6015773,-1.1933873
-0.5966844,-0.6542964,1.9631366,-0.12564255,0.6183322,-1.1063366
-0.5919683,-0.66583854,1.9645851,-0.124453746,0.6187217,-1.0960475
-0.58657646,-0.6786161,1.9585593,-0.10265487,0.6139554,-1.1008327
-0.5817544,-0.6903644,1.9592291,-0.100104444,0.61410016,-1.0910813
-0.58506984,-0.67334527,1.9203466,0.0027642853,0.5916548,-1.1897436
-0.576163,-0.69782144,1.9302835,-0.017741596,0.5961916,-1.1483815
-0.5856839,-0.66244686,1.892103,0.080050536,0.5777829,-1.2620331
-0.59207135,-0.6384947,1.8693777,0.13723212,0.5698111,-1.331412
-0.59333444,-0.6435231,1.8909911,0.076968655,0.5789946,-1.2789407
-0.5955095,-0.6435645,1.9060158,0.03317888,0.58639354,-1.2439966
-0.6030843,-0.61998177,1.8885866,0.07139097,0.58115906,-1.2967271
-0.60634214,-0.61433816,1.8941274,0.051851545,0.58455795,-1.2863562
-0.61332005,-0.59929955,1.8973188,0.0329672,0.58837163,-1.2849056
-0.61290216,-0.58583206,1.8577772,0.14186886,0.5737652,-1.3845166
-0.618338,-0.5645753,1.8389013,0.1854332,0.5716651,-1.43899
-0.61130244,-0.57444644,1.8287303,0.22448026,0.5671616,-1.4618043
-0.6054823,-0.5973924,1.8466105,0.18321086,0.56782836,-1.407096
-0.6010149,-0.61258495,1.8564662,0.16187854,0.5684463,-1.3756795
-0.59804744,-0.60542685,1.8308692,0.23659314,0.56194556,-1.4424708
-0.6056425,-0.5707431,1.8007742,0.3093747,0.56158745,-1.5337145
-0.60977435,-0.5469938,1.775814,0.36814275,0.5626536,-1.6017292
-0.6144519,-0.53231895,1.7679276,0.37994748,0.56511056,-1.6237819
-0.619283,-0.5161137,1.7579323,0.39638877,0.56794256,-1.6507119
-0.61730045,-0.54583114,1.8007582,0.28784215,0.5672387,-1.5375683
-0.58739686,-0.57631,1.8015118,0.29945886,0.75313896,-1.5075969
-0.56052405,-0.6192089,1.8414924,0.22256811,0.8678383,-1.377391
-0.53664756,-0.6569905,1.8965503,0.12096924,0.942985,-1.2222793
-0.5030709,-0.6784972,1.9104728,0.11105012,1.0520692,-1.1334552
-0.48640308,-0.69040143,1.926641,0.08755354,1.0948317,-1.0677114
-0.44076413,-0.6979859,1.9131948,0.1400306,1.2353206,-0.98388857
-0.44061622,-0.715332,1.9598304,0.036656056,1.2017305,-0.88032246
-0.42959094,-0.7381156,2.0207767,-0.105396725,1.1861023,-0.73494655
-0.37223572,-0.7333982,1.9805982,0.017968329,1.3374699,-0.6324155
-0.35350546,-0.7579933,2.0439405,-0.14584956,1.3284631,-0.48130897
-0.30507624,-0.7269655,1.956413,0.09602135,1.4575366,-0.42401916
-0.29933324,-0.70336527,1.9146342,0.21774036,1.5033698,-0.4409969
-0.30856374,-0.6962348,1.906907,0.24917985,1.5107926,-1.877489
-0.30865464,-0.69634944,1.8961385,0.24802549,1.500779,-1.8771812
-0.3286207,-0.6935023,1.8991058,0.2571521,1.4967749,-1.8976407
-0.34644586,-0.6918203,1.8902771,0.25833663,1.4747663,-0.69713724
-0.3699102,-0.6807655,1.866883,0.29721937,1.4712819,-1.9399502
-0.36175144,-0.6797372,1.8568931,0.30275157,1.4707797,-1.9316989
-0.3804309,-0.6760529,1.8541064,0.31101814,1.4635887,-1.9508506
-0.3903029,-0.67406356,1.8446819,0.31190258,1.4398018,-0.9752771
-0.3986279,-0.6679856,1.828919,0.32968467,1.4318751,-1.0450232
-0.40232512,-0.66051173,1.8148391,0.3583535,1.458062,-1.9738007
-0.4091992,-0.65637386,1.8019208,0.36750492,1.4404215,-1.1523895
-0.41469127,-0.6501511,1.7854056,0.38450825,1.4319029,-1.217355
-0.4231886,-0.64998126,1.7832329,0.3756236,1.3812805,-1.2528449
-0.4247979,-0.63940185,1.7569935,0.41066903,1.3910415,-1.3370919
-0.42346716,-0.6345379,1.7455487,0.4287787,1.4319259,-1.3503679
-0.42557114,-0.6277898,1.7281023,0.4475212,1.4395306,-1.999007
-0.427995,-0.61782336,1.7022331,0.4737444,1.4388199,-2.0017781
-0.41916388,-0.617699,1.6974076,0.47657698,1.4346229,-1.993058
-0.4293935,-0.61016756,1.682436,0.49302503,1.4309527,-2.0037742
-0.4295495,-0.60069674,1.6579223,0.5170814,1.4351859,-2.0039299
-0.42916098,-0.5930138,1.6387464,0.5364068,1.428272,-1.6504878
-0.4280095,-0.5847718,1.6172187,0.55614865,1.4321814,-2.0028274
-0.43514386,-0.5822106,1.6180103,0.56293917,1.3698678,-1.709935
-0.42323998,-0.5741006,1.5916862,0.5859422,1.4093618,-1.771757
-0.42495435,-0.57422924,1.5900804,0.5813222,1.438198,-1.9995427
-0.42011866,-0.5582029,1.5495886,0.61862355,1.4385265,-1.9947777
-0.41382656,-0.5538409,1.5380776,0.6316626,1.4290761,-1.8800802
-0.41240138,-0.539256,1.5038317,0.66352427,1.4321173,-1.9641603
-0.40551192,-0.5275077,1.4736732,0.68832624,1.4381663,-2.0201938
-0.39927915,-0.51994824,1.4569374,0.71025807,1.4228557,-2.0500562
-0.3937715,-0.5109409,1.4297236,0.71997344,1.4593428,-1.967081
-0.3881038,-0.49866906,1.4050709,0.75387895,1.4396014,-2.1719725
-0.38251293,-0.49599427,1.3924026,0.7503443,1.4663552,-1.9553155
-0.3731741,-0.48245782,1.3612411,0.781204,1.4638094,-1.9458426
-0.3747225,-0.48255858,1.3676922,0.793197,1.4382086,-2.2555616
-0.3675867,-0.47268102,1.3418425,0.80813366,1.453649,-2.311644
-0.3574926,-0.46888927,1.3292121,0.81453216,1.4651943,-2.3515723
-0.35774663,-0.46594253,1.3188792,0.8104681,1.4795847,-1.9295406
-0.34623015,-0.46453947,1.3146688,0.8198934,1.4787779,-1.9178611
-0.33862707,-0.4532651,1.2893682,0.8437085,1.4805268,-1.9099251
-0.33538154,-0.44366553,1.2648286,0.8533054,1.4916419,-1.9063698
-0.3270091,-0.43158245,1.2430491,0.89002556,1.4806434,-2.5410516
-0.31792414,-0.42483726,1.2247161,0.8987982,1.4911758,-2.5876348
-0.30476785,-0.42551765,1.2216449,0.8954064,1.5031143,-1.8748657
-0.29346386,-0.4053863,1.1794087,0.9373017,1.5054669,-2.709222
-0.2815392,-0.4114305,1.1863338,0.91925377,1.5188848,-1.8511555
-0.27906883,-0.39975047,1.1604248,0.93614906,1.5212748,-1.8485574
-0.26842028,-0.39105177,1.1426994,0.9579635,1.5252286,-2.8264215
-0.2585497,-0.38858244,1.1328485,0.953812,1.5349439,-1.8277993
-0.24707077,-0.38320503,1.1192389,0.9613394,1.542346,-1.816278
-0.24660093,-0.35688528,1.0870422,1.0630244,1.5251311,-2.9423933
-0.23382308,-0.37314677,1.1032649,0.9961618,1.5464624,-2.9875953
-0.2124668,-0.36653033,1.0865538,1.005315,1.5619639,-3.0849574
-0.20290399,-0.36947325,1.0848281,0.98063743,1.5697317,-1.7721604
-0.20019574,-0.37435302,1.0996044,0.9866855,1.5707014,-1.7690539
-0.18804412,-0.36670908,1.0781467,0.9849515,1.578564,-1.7573653
-0.17500488,-0.36525592,1.0755641,0.9894666,1.5863268,-1.7443372
-0.16832197,-0.35618782,1.0684706,1.0372435,1.5969082,2.9980648
-0.15998362,-0.36428335,1.0755204,0.9967059,1.5985755,-1.7292675
-0.15017843,-0.3693614,1.0819957,0.9761014,1.6000628,-1.7199333
-0.13926044,-0.37557715,1.098153,0.9733536,1.6124276,-1.7090006
-0.13284037,-0.37581062,1.0942397,0.9595457,1.6077621,-1.7029035
-0.12671858,-0.380768,1.1102324,0.96516466,1.624651,-1.6966299
-0.116519526,-0.3833372,1.1097292,0.942646,1.6150959,-1.6868134
-0.10951277,-0.3882791,1.1210622,0.9342506,1.620074,-1.6798815
-0.10483882,-0.38456744,1.1216906,0.96109307,1.6462854,2.6095424
-0.10080682,-0.39376813,1.1316279,0.91957337,1.6200544,-1.6713057
-0.10055282,-0.40212664,1.1519047,0.911162,1.6295009,-1.6710621
-0.09144,-0.41429597,1.176167,0.881139,1.6264101,-1.6621063
-0.08524383,-0.40656376,1.1590436,0.8918758,1.6230837,-1.6558987
-0.08168376,-0.4136013,1.1786693,0.8889595,1.6409512,-1.6523596
-0.071751855,-0.41847822,1.1913594,0.8808867,1.6535041,-1.6425114
-0.0737426,-0.41767067,1.1833627,0.8685674,1.6243557,-1.6444778
-0.06633254,-0.42667264,1.2040957,0.85206884,1.627036,-1.637105
-0.065792195,-0.44190735,1.2368526,0.8214679,1.6265724,-1.6366113
-0.057022214,-0.43830198,1.2301548,0.8280603,1.6255466,-1.6278265
-0.050474476,-0.44304776,1.240581,0.8167803,1.6223176,-1.6212842
-0.04599302,-0.45058018,1.2581315,0.80265933,1.6227481,-1.6168114
-0.056065373,-0.45728683,1.2716802,0.7896761,1.619931,-1.6268932
-0.050635926,-0.4625282,1.2843479,0.7794068,1.6167167,-1.6214585
-0.038093675,-0.4621181,1.2852145,0.78019077,1.6204017,-1.6089144
-0.04055419,-0.4705036,1.3048915,0.76595,1.6219603,-1.6113834
-0.029225238,-0.47667724,1.3200821,0.7524839,1.6181443,-1.6000441
-0.024922464,-0.48686358,1.3447136,0.733381,1.6168469,-1.5957395
-0.026602924,-0.496862,1.3688017,0.71521276,1.6148291,-1.5974209
-0.019011365,-0.5027142,1.3839322,0.70391715,1.614303,-1.5898235
-0.010058625,-0.49669662,1.3787172,0.72360504,1.7010288,-1.5809343
0.0028774175,-0.47173396,1.3349661,0.78278726,1.7753608,1.9260553
-0.021780869,-0.47231716,1.320065,0.77385426,1.6939551,-1.592712
-0.027057577,-0.48687753,1.3486536,0.7402386,1.6523283,-1.597929
-0.032811426,-0.5185636,1.4201506,0.6716307,1.5874482,-1.6036122
-0.022711664,-0.523626,1.4357759,0.6647945,1.6239623,-1.5935395
-0.014950406,-0.52596474,1.4425379,0.66067845,1.6093516,-1.5857575
-0.011981955,-0.53361267,1.4624696,0.64620763,1.6098263,-1.5827873
-0.016622042,-0.53303754,1.4608787,0.6467196,1.6411699,-1.5874594
-0.027612798,-0.5422316,1.4833641,0.63062894,1.5873582,-1.5984129
-0.024668472,-0.5539572,1.5148362,0.60879445,1.5933803,-1.5954711
-0.012191131,-0.55641836,1.5222117,0.60253674,1.6100835,-1.5829968
-0.010790274,-0.5471435,1.4978262,0.62040937,1.6110299,-1.5815953
-0.0028624367,-0.553924,1.5198102,0.6041444,1.6981862,-1.5736822
-0.008859081,-0.56732863,1.5513084,0.57511705,1.6771382,-1.5797052
-0.013035094,-0.56573504,1.5470246,0.5841909,1.6093862,-1.583841
-0.019743815,-0.5760437,1.5744504,0.56403637,1.6083022,-1.5905535
-0.023274727,-0.58201116,1.5906656,0.551272,1.6351851,-1.5941184
-0.0293488,-0.5917673,1.6170138,0.53217953,1.609355,-1.6001648
-0.027153073,-0.6001146,1.639952,0.5123532,1.6137139,-1.5979702
-0.029499903,-0.60675746,1.658197,0.4972228,1.6155127,-1.6003194
-0.034851238,-0.6076967,1.6572194,0.49127626,1.6376355,-1.6057122
-0.05139619,-0.61892134,1.692145,0.47320777,1.609356,-1.6222179
-0.06022051,-0.6237981,1.7065915,0.4637475,1.6052614,-1.6310378
-0.047397487,-0.627974,1.7162671,0.44661665,1.6175697,-1.6182189
-0.060495846,-0.635627,1.7348448,0.4265788,1.622066,-1.6313188
-0.0654669,-0.6436096,1.7594501,0.40656945,1.6170331,-1.6362661
-0.0769135,-0.64970696,1.7744933,0.38960385,1.6186261,-1.6476915
-0.07222612,-0.65373796,1.7747562,0.36495432,1.6566128,-1.6430665
-0.064700745,-0.6455722,1.7544439,0.39024967,1.649581,-1.6355553
-0.0847584,-0.6559637,1.7935423,0.37322512,1.6144739,-1.6555021
-0.09377397,-0.65971065,1.798447,0.35969064,1.6205053,-1.6644728
-0.100651465,-0.66367257,1.8138369,0.35101318,1.612235,-1.6713204
-0.11148144,-0.6692339,1.8280193,0.33417132,1.6108975,-1.6820703
-0.12809932,-0.6734491,1.8329648,0.3205698,1.6140482,-1.6985567
-0.12846243,-0.67542636,1.846395,0.31652364,1.6035187,-1.6989305
-0.14494787,-0.68120515,1.8625042,0.29897368,1.5974842,-1.7152598
-0.15772244,-0.68546146,1.8712296,0.28396067,1.5943388,-1.7278283
-0.15610601,-0.6970939,1.8823406,0.2280134,1.615608,0.2748635
-0.17309402,-0.6908664,1.8827245,0.26463342,1.5884837,-1.7428689
-0.17251864,-0.71389824,1.9162116,0.15292738,1.6067293,0.16262525
-0.19036785,-0.70916194,1.9106443,0.1826245,1.5903602,0.10319859
-0.19866386,-0.6949107,1.8966489,0.25283182,1.574084,-1.7681704
-0.21818039,-0.7019901,1.9068495,0.22377041,1.5630623,-0.053981423
-0.2329635,-0.7004904,1.9104197,0.23238695,1.5543271,-1.8018262
-0.25068885,-0.7005437,1.9137294,0.23336829,1.5443702,-1.8195151
-0.2539754,-0.70057553,1.9049516,0.23375235,1.5399936,-1.8224928
-0.27026105,-0.7014411,1.9154655,0.22928205,1.5296823,-1.8388141
-0.28625962,-0.6989428,1.9124707,0.23967817,1.5232321,-1.8550467
-0.2393326,-0.73552245,1.967046,0.052622676,1.5408113,-0.101360284
-0.2061859,-0.7257738,1.9438643,0.10128965,1.5772065,0.024951415
-0.18338197,-0.8718111,2.193385,-0.6899776,1.6552742,0.061649118
-0.16290899,-0.8571928,2.210902,-0.77509505,1.6974442,0.08231765
-0.17118426,-0.8459853,2.218,-0.79154634,1.6746192,0.06786437
-0.16100967,-0.8330096,2.215608,-0.7939713,1.69563,0.08292814
-0.1740544,-0.81357473,2.226244,-0.8207017,1.6594958,0.0594939
-0.13988303,-0.80596566,2.210685,-0.8000586,1.733451,0.111435965
-0.14293861,-0.7893337,2.2159479,-0.8175373,1.7191843,0.10276463
-0.15329729,-0.77582455,2.22381,-0.8378223,1.6902511,0.08312768
-0.18089302,-0.7882597,2.2343416,-0.8475377,1.63422,0.04319917
-0.19329992,-0.77554786,2.2416425,-0.8663881,1.6022032,0.021466253
-0.20337437,-0.8026092,2.2412224,-0.85031825,1.58883,0.012028799
-0.2157312,-0.8296779,2.2406788,-0.834597,1.5663855,-0.002867187
-0.20938526,-0.8412233,2.236113,-0.8218584,1.583441,0.008158651
-0.2059085,-0.8554331,2.2313554,-0.8072957,1.5948478,0.015366968
-0.25304517,-0.8465099,2.2442806,-0.8230358,1.4805521,-0.05830292
-0.258076,-0.83286715,2.248967,-0.8391574,1.4696462,-0.065622665
-0.23896748,-0.82064867,2.248345,-0.8490391,1.5124459,-0.038077407
-0.24726754,-0.79983723,2.2541912,-0.8691285,1.4897572,-0.05359146
-0.27012357,-0.7868084,2.2603436,-0.8835779,1.4370506,-0.089039184
-0.24658056,-0.77820647,2.2577581,-0.8876304,1.48695,-0.056247983
-0.29381648,-0.79533035,2.2618053,-0.8775551,1.3864949,-0.12181013
-0.2944272,-0.8201785,2.2557666,-0.84909964,1.382246,-0.1239091
-0.29631683,-0.8392651,2.250496,-0.8258853,1.3749653,-0.12826756
-0.28416622,-0.8554125,2.24493,-0.80885893,1.402742,-0.109306425
-0.29241654,-0.8687718,2.2409976,-0.7906058,1.3804538,-0.12375756
-0.33234313,-0.84553546,2.2459884,-0.80256116,1.2831898,-0.19083339
-0.34960976,-0.8583346,2.2382913,-0.7750092,1.2360024,-0.2233927
-0.34131688,-0.87469965,2.2186925,-0.7038821,1.2568887,-0.22602242
-0.40019757,-0.85372037,2.2234206,-0.73328406,1.1051111,-0.32039854
-0.4133934,-0.8400776,2.2212412,-0.73107487,1.0774585,-0.34562194
-0.41169533,-0.8265752,2.2280073,-0.7530915,1.0889866,-0.33761394
-0.4559464,-0.77302885,2.2189214,-0.7486068,1.0049523,-0.42209935
-0.47413844,-0.7588334,2.209874,-0.73095816,0.96746475,-0.461823
-0.44810927,-0.7602799,2.1804593,-0.5977254,1.0544643,-0.4886912
-0.3195023,-0.80723804,2.2592962,-0.85674214,1.3226954,-0.16480733
-0.28679264,-0.781017,2.1023114,-0.32156208,1.4314928,-0.21285033
-0.2587231,-0.8873664,2.166883,-0.5471719,1.4750093,-0.08578405
-0.2025854,-0.8820221,2.1416266,-0.5021581,1.6185232,0.045082998
-0.14219537,-0.8676074,2.1284666,-0.5155079,1.7569793,0.1692129
-0.1109549,-0.8525766,2.1693394,-0.69083977,1.8236988,0.178943
-0.11648967,-0.84174037,2.186671,-0.74338734,1.8050954,0.15802789
-0.10286181,-0.8252968,2.18022,-0.7393163,1.831218,0.18014625
-0.113539405,-0.8175454,2.1906416,-0.76070225,1.8010632,0.15898101
-0.0992754,-0.8036098,2.1827114,-0.7531876,1.8296391,0.18295944
-0.11260869,-0.79475904,2.1950252,-0.7788763,1.7928417,0.1563956
-0.11409486,-0.7806691,2.1991448,-0.79324776,1.7817159,0.149987
-0.09957692,-0.76850945,2.1912355,-0.7859444,1.80797,0.17204504
-0.068303764,-0.7651103,2.167114,-0.7451456,1.8793706,0.23003307
-0.067200534,-0.77782315,2.1628828,-0.7312184,1.8904926,0.23632608
-0.067458674,-0.78961277,2.159812,-0.7200752,1.8978441,0.23958567
-0.06789406,-0.8104264,2.153767,-0.69993734,1.9111499,0.2452744
-0.060875926,-0.8191964,2.1440573,-0.679395,1.935121,0.26215878
-0.08110179,-0.8354327,2.1583295,-0.6975718,1.8918118,0.22398378
-0.03475594,-0.8168479,2.1146505,-0.6281326,2.0039961,0.3208605
-0.011100314,-0.7983448,2.089115,-0.58802354,2.0576599,0.37728807
-0.00010492417,-0.7852015,2.0788188,-0.5741356,2.077149,0.40180743
0.005474903,-0.7733581,2.0760694,-0.5738806,2.081107,0.41122913
0.023439359,-0.7583155,2.0510755,-0.53205776,2.1217568,0.46226028
0.019722298,-0.7519506,2.061399,-0.55447465,2.1026318,0.44520992
0.021687532,-0.74257123,2.0625396,-0.56089485,2.0977302,0.44514573
-0.008825952,-0.7471986,2.062925,-0.4884578,2.0011857,0.42593715
-0.015967483,-0.7762739,2.1053116,-0.6265165,2.02326,0.35448724
-0.023383016,-0.7880185,2.1104586,-0.63090265,2.0135374,0.34085348
-0.031699456,-0.7711277,2.1270857,-0.6689499,1.9763623,0.31300825
-0.04092258,-0.7647728,2.1398604,-0.6956206,1.9470822,0.28854963
-0.04821751,-0.71987146,1.9188219,-0.0065683587,1.8299111,0.5724775
-0.063014485,-0.68718255,1.8414483,0.20470533,1.7413213,0.66806686
-0.10140305,-0.6871064,1.8491875,0.2432953,1.6651837,0.5139375
-0.121057026,-0.7231568,1.9262205,0.069221,1.682221,0.34676388
0.005896187,-0.79725415,2.063034,-0.54082346,2.108117,0.42569706
0.02690998,-0.77867174,2.0320966,-0.4887905,2.157551,0.48824334
0.032278247,-0.76473606,2.0291336,-0.48761815,2.1594608,0.49958304
0.05607283,-0.7322181,1.9970607,-0.4381345,2.1986368,0.5679289
0.049328495,-0.7299876,2.0143704,-0.47297487,2.1712708,0.53689647
0.05746895,-0.71762717,2.0040793,-0.4582085,2.18217,0.5588966
0.072956346,-0.7094272,1.9662036,-0.3852495,2.2307756,0.6299113
0.067347705,-0.730897,1.963776,-0.3717892,2.2442534,0.62799734
0.05678793,-0.74748117,1.9828196,-0.40450427,2.2253542,0.58809996
0.052087896,-0.7597932,1.9849774,-0.40456694,2.226496,0.5793556
0.07261207,-0.73418456,1.9406314,-0.32407522,2.276168,0.6674081
0.07934188,-0.7313406,1.9154598,-0.2740704,2.3070445,0.7125086
0.0946521,-0.70227975,1.8843019,-0.21956925,2.3298943,0.7794847
0.104760304,-0.6819037,1.8557165,-0.16619751,2.3496451,0.8386302
0.10280853,-0.6814639,1.8730702,-0.20371279,2.3300312,0.8069438
0.11022031,-0.6648641,1.8573251,-0.17757027,2.3360624,0.83973515
0.11967497,-0.6456495,1.8295052,-0.12687989,2.351684,0.8949674
0.12104445,-0.64569175,1.8131838,-0.090583906,2.3691576,0.9261944
0.12988272,-0.6238918,1.779427,-0.02596159,2.385416,0.99497896
0.13794245,-0.6012879,1.7454395,0.037915885,2.3972058,1.0627044
0.13196498,-0.6177255,1.7524295,0.03299369,2.405935,1.0488085
0.12723497,-0.6312189,1.7632245,0.015769435,2.4074297,1.0256695
0.12376153,-0.64030826,1.7515917,0.047119457,2.4263363,1.0455861
0.1325502,-0.61346847,1.7213931,0.10373292,2.431715,1.1111659
0.13904968,-0.59459925,1.7061307,0.12739739,2.4279587,1.1430931
0.13913862,-0.5901282,1.6855842,0.1747271,2.442276,1.1859096
0.13791147,-0.58698857,1.664847,0.2246695,2.4573233,1.2298896
0.1343329,-0.5962412,1.6657509,0.22881563,2.4659104,1.2269217
0.14296423,-0.56187874,1.6277007,0.30051053,2.463072,1.3104806
0.14149217,-0.55938685,1.6116273,0.34072375,2.4741933,1.3458396
0.14162059,-0.5446888,1.579263,0.41428265,2.483986,1.4171784
0.1458415,-0.5263519,1.5616858,0.4435993,2.4758387,1.4541909
0.14821425,-0.5304823,1.580232,0.39596203,2.4662855,1.4110686
0.1520267,-0.5130018,1.5621719,0.4261198,2.459113,1.4479688
0.15521051,-0.49306437,1.5359807,0.47248307,2.4533377,1.4991212
0.15213363,-0.48478302,1.5079911,0.54234684,2.4635403,1.564066
0.15504424,-0.47175336,1.4947903,0.5605541,2.455771,1.5873286
0.14600582,-0.48448852,1.5091059,0.53961533,2.3788526,1.5617175
0.15520556,-0.4464919,1.4537842,0.64045435,2.4480908,1.6707242
0.15167417,-0.45821887,1.4622188,0.63817143,2.4590645,1.6626738
0.14874262,-0.4556035,1.4495821,0.67357147,2.4635317,1.6947821
0.14458118,-0.46647772,1.4544139,0.6784756,2.475452,1.6921839
0.14237352,-0.48695862,1.4795271,0.63408685,2.4867566,1.6411802
0.14528586,-0.49720532,1.5052274,0.5705422,2.4824486,1.5806228
0.14929043,-0.48527572,1.4982479,0.5725955,2.4715955,1.5896407
0.1416493,-0.5199124,1.5325693,0.5200586,2.4906983,1.5229418
0.11926518,-0.5315659,1.5141265,0.58853304,2.3846316,1.5712054
0.1271807,-0.49689397,1.4672732,0.6734744,2.42456,1.6675897
0.13962926,-0.45558816,1.4242618,0.75691265,2.4796827,1.7660873
0.14176817,-0.4389159,1.4046675,0.7858185,2.467946,1.800522
0.14581247,-0.43765417,1.4134307,0.75316954,2.4607668,1.7732242
0.15141256,-0.4280699,1.4137651,0.7296865,2.4468338,1.7581083
0.13744982,-0.45072287,1.4340686,0.68561834,2.3360057,1.7120268
0.14584889,-0.4075725,1.3696023,0.8274446,2.4412732,1.8536414
0.1496687,-0.39176154,1.3556894,0.83373994,2.4256759,1.8677137
0.14519294,-0.37422994,1.3207647,0.9048359,2.4159663,1.938496
0.14110471,-0.39093846,1.3355895,0.8999618,2.432956,1.925117
0.13804474,-0.40376326,1.3472921,0.8959859,2.4456646,1.9153059
0.13574703,-0.42015398,1.3653868,0.8773083,2.4604237,1.8905245
0.11695725,-0.43637183,1.3568901,0.8990313,2.3887815,1.9057547
0.09501378,-0.4482541,1.3427167,0.9152473,2.2963684,1.9225849
0.06808968,-0.47485873,1.3484695,0.8875234,2.1890948,1.8916982
0.04479072,-0.47746786,1.3277357,0.9134918,2.120034,1.9289465
0.026543986,-0.47547823,1.3054932,0.9375528,2.0746696,1.9623634
0.012316491,-0.47859272,1.2962323,0.94115824,2.0404863,1.9687098
-0.0009610694,-0.45960414,1.2544938,1.0012405,2.022683,2.0542045
-0.028119737,-0.4646147,1.2418015,1.0075382,1.9671739,2.08335
-0.035626244,-0.45028192,1.2147243,1.051066,1.9613278,2.151361
-0.04640572,-0.41622254,1.1582239,1.1506104,1.9558164,2.2967815
-0.0645627,-0.44462755,1.1893632,1.0869755,1.915082,2.240061
-0.07706827,-0.40729994,1.1301659,1.1978444,1.9057705,2.4083133
-0.09427608,-0.44761053,1.1802013,1.1013598,1.870307,2.310782
-0.12074501,-0.43995115,1.1622186,1.1452554,1.7979058,2.506841
-0.14795937,-0.73897636,1.6841339,-2.0913627,-1.7181556,-0.31402606
-0.12221294,-0.71000415,1.6231711,-1.9583348,-1.793792,-0.36424536
-0.093229,-0.70838106,1.6367898,-1.9963566,-1.8795749,-0.5047835
-0.08103855,-0.66677123,1.5501001,-1.8008014,-1.9037781,-0.4035746
-0.060006846,-0.6895154,1.6152487,-1.9449043,-1.9471383,-0.53840333
-0.03905229,-0.6943337,1.6442598,-2.0075133,-1.9899442,-0.62542963
-0.027308295,-0.6977817,1.663794,-2.0473676,-2.0116696,-0.6754194
-0.015937073,-0.7064396,1.6991634,-2.1265998,-2.030936,-0.76021343
0.0050155306,-0.71419305,1.7471275,-2.2278807,-2.0660632,-0.8778572
0.027914263,-0.7039419,1.7448164,-2.206126,-2.1242013,-0.8858433
0.026908742,-0.7183509,1.7924294,-2.3202486,-2.1062577,-0.987731
0.03893939,-0.7179796,1.8115875,-2.3579586,-2.1321003,-1.0344778
0.05196249,-0.7145892,1.8224491,-2.3719923,-2.1663096,-1.0568808
0.080211446,-0.7015484,1.8301585,-2.3566658,-2.2610269,-1.0599937
0.10666171,-0.6812166,1.8179414,-2.290505,-2.37018,-1.0173094
0.10799598,-0.66630685,1.772774,-2.17053,-2.3824003,-0.91763127
0.10999423,-0.65711546,1.7676057,-2.1765625,-2.3741322,-0.9161009
0.111724265,-0.6458225,1.7586216,-2.17738,-2.3624487,-0.9088784
0.11790987,-0.640027,1.7725946,-2.224623,-2.3669424,-0.94268227
0.1214516,-0.62818295,1.7686795,-2.2387097,-2.3573596,-0.9453699
0.12676746,-0.619891,1.7759632,-2.2739482,-2.3566399,-0.96821207
0.1275365,-0.6376079,1.8074164,-2.3195024,-2.3849058,-1.0187019
0.12767437,-0.648133,1.826394,-2.34863,-2.4017694,-1.0503787
0.12373638,-0.6581337,1.8242867,-2.3224206,-2.4069526,-1.0355624
0.123931244,-0.66727394,1.8415992,-2.3507166,-2.4220893,-1.0653636
0.13098466,-0.65553206,1.8570788,-2.4163966,-2.4227521,-1.1119467
0.13529857,-0.6470893,1.863849,-2.4507022,-2.4203355,-1.1344476
0.13996893,-0.6323693,1.8603446,-2.4696083,-2.4085,-1.1399236
0.13755652,-0.62590337,1.83553,-2.4161377,-2.3911068,-1.0902041
0.11597419,-0.6173688,1.7350328,-2.1767547,-2.331587,-0.88727015
0.113617055,-0.62803525,1.7413402,-2.170685,-2.3418567,-0.89053655
0.10724146,-0.6198503,1.7092978,-2.107554,-2.3182988,-0.83394545
0.10505907,-0.628345,1.7132764,-2.099441,-2.3252573,-0.83365643
0.104487926,-0.64691347,1.7345736,-2.1134243,-2.348571,-0.85820967
0.09757924,-0.66021407,1.7296599,-2.0731974,-2.3527284,-0.8359304
0.091758475,-0.64398175,1.6944332,-2.0201375,-2.3208835,-0.78242517
0.08809757,-0.6524392,1.6935698,-1.9994962,-2.324245,-0.7721408
0.07990328,-0.6371952,1.6551,-1.9378577,-2.2906418,-0.7135435
0.07267434,-0.6429133,1.6442131,-1.8990461,-2.283729,-0.687062
0.07659052,-0.6212054,1.6312945,-1.9155802,-2.2660024,-0.6846327
0.07415526,-0.60810906,1.6125156,-1.899398,-2.2464657,-0.662471
0.08225085,-0.6054866,1.6275668,-1.9405955,-2.256825,-0.6923855
0.085603274,-0.61828786,1.6487558,-1.9634368,-2.277867,-0.71965754
0.09147318,-0.6010913,1.6453675,-1.9929528,-2.2674522,-0.72992164
0.096222885,-0.61687535,1.6759306,-2.0329802,-2.2951467,-0.77280414
0.095228,-0.62832075,1.6863971,-2.0342548,-2.30799,-0.78239346
0.10055555,-0.60540736,1.6743178,-2.0532835,-2.2880483,-0.78004783
0.076301746,-0.58592343,1.5943476,-1.9047345,-2.2238839,-0.64983803
0.06573325,-0.5869105,1.5726588,-1.8516301,-2.2081144,-0.61035913
0.061333075,-0.59265465,1.5686923,-1.828985,-2.2062895,-0.5969818
0.06405096,-0.6065276,1.588464,-1.8452804,-2.2266078,-0.61948305
0.065363914,-0.6195253,1.6042854,-1.8542972,-2.2435005,-0.6357033
0.060915012,-0.6330934,1.6075833,-1.8319933,-2.250342,-0.6281549
0.04914358,-0.6272771,1.5785015,-1.7753294,-2.2219698,-0.5798519
0.04345525,-0.6110965,1.553018,-1.7511083,-2.194455,-0.5495433
0.052475277,-0.6064726,1.5658288,-1.7921643,-2.206296,-0.5782783
0.045640454,-0.5929707,1.5407981,-1.7637237,-2.1801357,-0.5465333
0.048039343,-0.58472,1.537276,-1.7737103,-2.1751506,-0.5480255
0.052114785,-0.57791996,1.5380443,-1.7904876,-2.1745765,-0.5559045
0.032966625,-0.5818163,1.5071806,-1.708853,-2.1451137,-0.49605504
0.032720577,-0.59485126,1.5183749,-1.7053769,-2.1578696,-0.5028534
0.02528061,-0.608756,1.5190033,-1.675585,-2.157874,-0.48902828
0.019350538,-0.5948137,1.497899,-1.6579221,-2.1330423,-0.4648155
0.019845158,-0.5818716,1.4877086,-1.6638948,-2.1222146,-0.4604461
0.02571932,-0.5683539,1.4844081,-1.6868161,-2.118853,-0.46843347
0.031148624,-0.5626925,1.4873168,-1.7063632,-2.1226702,-0.47988197
0.020794503,-0.54914653,1.4598805,-1.6738794,-2.0910535,-0.44382164
0.012547936,-0.5604667,1.4579747,-1.6435261,-2.0880506,-0.4286649
0.006243351,-0.56861466,1.4552988,-1.6179049,-2.082963,-0.41421196
-0.0014207332,-0.58063686,1.45579,-1.5916826,-2.0796032,-0.40125123
0.00545439,-0.5956445,1.4768989,-1.6062752,-2.1061788,-0.42452055
-0.011814612,-0.5884662,1.448636,-1.5563678,-2.064477,-0.37710992
-0.018052423,-0.56708443,1.4236523,-1.5472325,-2.0340374,-0.3537649
-0.022799252,-0.55362946,1.4067764,-1.5387843,-2.0132415,-0.33688784
-0.02504727,-0.53808117,1.3912218,-1.5387638,-1.9960185,-0.32544717
-0.02476024,-0.5263356,1.3818133,-1.5446663,-1.9871778,-0.32168362
-0.033127025,-0.51238567,1.3612841,-1.5292081,-1.9591259,-0.29730678
-0.040282592,-0.52098393,1.3621874,-1.5106409,-1.9520725,-0.28636774
-0.04869788,-0.5274813,1.360113,-1.4900464,-1.941088,-0.27242103
-0.050051652,-0.535505,1.3653373,-1.483183,-1.9442989,-0.27237484
-0.046680726,-0.5474848,1.3780624,-1.48503,-1.960102,-0.2833716
-0.049913496,-0.55842495,1.3832805,-1.4711586,-1.9606173,-0.27919632
-0.04537862,-0.5692192,1.3960271,-1.4761815,-1.9781595,-0.29218483
-0.03200619,-0.5666354,1.4074807,-1.5097499,-2.005456,-0.32133302
-0.012568885,-0.5525554,1.4187492,-1.570271,-2.0334337,-0.36231047
-0.011647633,-0.5409311,1.4098029,-1.5763124,-2.0245178,-0.35859254
-0.009065182,-0.5311135,1.4042417,-1.5861944,-2.0203571,-0.35951415
0.0029812336,-0.54612434,1.4314976,-1.6144942,-2.0563,-0.39497167
0.007984579,-0.5373689,1.4306576,-1.633058,-2.057515,-0.4034617
0.006464233,-0.6180814,1.6260576,-2.1042309,-1.9749418,-0.6533493
0.029996885,-0.6222472,1.6544029,-2.1413825,-2.0352168,-0.733082
-0.00855584,-0.6640699,1.7911371,-2.5114632,-1.8229111,-0.9234577
-0.0028945263,-0.66918147,1.8189276,-2.5664337,-1.8183917,-1.0058562
-0.041031495,-0.66502905,1.8061146,-2.603352,-1.7132543,-0.91622967
-0.047209673,-0.65720135,1.7615054,-2.5067458,-1.7409142,-0.78343874
0.0062321904,-0.64093006,1.5605026,-1.7792652,-2.1065345,-0.5349442
-0.00799357,-0.6394744,1.5451384,-1.7574133,-2.0727255,-0.50254226
-0.028164735,-0.6121996,1.4755207,-1.6174047,-2.0271444,-0.39243442
-0.047302566,-0.61262345,1.4640503,-1.6026878,-1.9787834,-0.35487074
-0.069134586,-0.60807216,1.4430715,-1.5663538,-1.9274232,-0.30359718
-0.0772921,-0.55459285,1.3581775,-1.4185821,-1.8976368,-0.22301386
-0.067529574,-0.5453619,1.3582215,-1.4414016,-1.9140313,-0.23991065
-0.06703586,-0.53508157,1.350329,-1.4470103,-1.9076498,-0.23732159
-0.074947424,-0.5239897,1.3362414,-1.4393594,-1.8835906,-0.21941173
-0.07514348,-0.5113208,1.3257322,-1.4446284,-1.8741069,-0.21451975
-0.08340164,-0.52923286,1.3347598,-1.4223363,-1.8690047,-0.20540208
-0.09316163,-0.53933245,1.3354479,-1.3981347,-1.8520665,-0.18846065
-0.10029407,-0.5276019,1.3225535,-1.3941159,-1.8292135,-0.17277816
-0.09857937,-0.51624095,1.3141484,-1.4012865,-1.8262697,-0.17241137
-0.092520535,-0.50528157,1.3097872,-1.4187407,-1.8340858,-0.18152441
-0.0893065,-0.49386996,1.302382,-1.4291029,-1.8328106,-0.18307933
-0.10745344,-0.48858517,1.2883346,-1.4049104,-1.7905319,-0.14965242
-0.11718041,-0.49306118,1.288694,-1.3930984,-1.771828,-0.13504009
-0.11133912,-0.5035283,1.2992642,-1.3943448,-1.7908291,-0.14778996
-0.11386739,-0.51956797,1.3112503,-1.3843122,-1.7948935,-0.14853851
-0.10907362,-0.53954434,1.3287545,-1.3802631,-1.8158044,-0.16136505
-0.118874066,-0.55420214,1.3375089,-1.3697473,-1.7920226,-0.14476953
-0.13539986,-0.58196235,1.3725666,-1.424443,-1.7499571,-0.13024034
-0.14642449,-0.55056864,1.3285974,-1.3545542,-1.7150664,-0.09321046
-0.14403719,-0.5380264,1.3187438,-1.3590325,-1.7183658,-0.09568554
-0.14009574,-0.5283509,1.3113747,-1.3635364,-1.7267793,-0.1015446
-0.14513493,-0.51855195,1.3026952,-1.3635803,-1.7101481,-0.09064295
-0.14369181,-0.5074317,1.2934604,-1.3668201,-1.7112803,-0.09163934
-0.1335972,-0.4996199,1.28895,-1.3749124,-1.7374029,-0.10953884
-0.13601276,-0.48856464,1.2788913,-1.3758254,-1.7278271,-0.10332358
-0.12687808,-0.4787776,1.2736604,-1.3893051,-1.7421048,-0.1147294
-0.15626447,-0.49455422,1.2819846,-1.3650254,-1.6733922,-0.06664936
-0.16331324,-0.4858377,1.2751778,-1.36774,-1.6570904,-0.056210857
-0.16158147,-0.47454983,1.2656381,-1.3720459,-1.6609137,-0.059016805
-0.1799327,-0.48034546,1.2768888,-1.3904953,-1.6176839,-0.03164075
-0.18688364,-0.48624483,1.277196,-1.3648922,-1.603059,-0.020852594
-0.17879593,-0.49654004,1.2850183,-1.3620218,-1.6218635,-0.03296204
-0.18799074,-0.50844926,1.2954745,-1.3563377,-1.601304,-0.019519426
-0.18057352,-0.5174583,1.3019587,-1.3534341,-1.618463,-0.030460216
-0.1888359,-0.53650695,1.3176446,-1.3447235,-1.6003691,-0.018683808
-0.18306687,-0.54645914,1.3245255,-1.340557,-1.6138048,-0.027098587
-0.16797382,-0.55874527,1.3340026,-1.343011,-1.657862,-0.05540388
-0.16498666,-0.54135424,1.3203822,-1.3492595,-1.6611166,-0.05777888
-0.16341408,-0.5281516,1.3097668,-1.3534405,-1.6617436,-0.058381755
-0.16357742,-0.512008,1.2964585,-1.3574446,-1.656902,-0.055429973
-0.16646045,-0.50289845,1.2893295,-1.3608558,-1.6501719,-0.051275223
-0.19844052,-0.5255205,1.3120233,-1.3531251,-1.5763355,-0.003524108
-0.20224428,-0.5017617,1.2943791,-1.3643823,-1.5668211,0.0025578921
-0.2119235,-0.51237965,1.3059492,-1.3635334,-1.5450323,0.016509347
-0.21691911,-0.49354643,1.2924023,-1.3728557,-1.5353483,0.022912828
-0.20277227,-0.48310372,1.279283,-1.3718473,-1.5670379,0.0024391627
-0.23427758,-0.48748943,1.2943616,-1.3835388,-1.4973972,0.047660865
-0.2420992,-0.504407,1.3123997,-1.3829732,-1.4778823,0.06005111
-0.2407517,-0.5153468,1.3204445,-1.3776513,-1.478996,0.059020706
-0.2299768,-0.5266405,1.3235633,-1.3645756,-1.504577,0.042169653
-0.23775786,-0.54703635,1.3433272,-1.3615853,-1.4847678,0.054451
-0.23830535,-0.5572925,1.3512754,-1.3572565,-1.4829764,0.055332154
-0.23838603,-0.5695167,1.3602642,-1.3514742,-1.4822174,0.055494476
-0.22190763,-0.55800307,1.3441033,-1.3465918,-1.5211325,0.03114788
-0.22274807,-0.5477638,1.3367922,-1.3516774,-1.5195696,0.032280535
-0.21665762,-0.5342888,1.3245666,-1.355741,-1.5334133,0.023712821
-0.20291121,-0.5518668,1.3334192,-1.3429482,-1.5668036,0.0025109998
-0.22010131,-0.6268004,1.450292,-1.5465703,-1.5282423,0.0375262
-0.2355757,-0.6715542,1.5336913,-1.7087194,-1.494802,0.08562041
-0.2000606,-0.6772933,1.5405272,-1.747417,-1.5752971,-0.0054910546
-0.17708328,-0.6843512,1.5543972,-1.7885339,-1.6335994,-0.08198058
-0.14874807,-0.65243727,1.4944334,-1.671764,-1.714765,-0.15553726
-0.10761095,-0.6042533,1.4189637,-1.5208027,-1.82991,-0.21511601
-0.095312186,-0.55453867,1.345347,-1.3855027,-1.855978,-0.18803802
-0.10610281,-0.5885534,1.5080572,-1.9136841,-1.7582445,-0.27906743
-0.086480565,-0.57674825,1.4827478,-1.8466291,-1.8047935,-0.30779785
-0.061285567,-0.50968367,1.3467563,-1.5246841,-1.8888458,-0.25140703
-0.06012298,-0.51161027,1.3364307,-1.4707935,-1.9054767,-0.2427388
-0.06948019,-0.64085406,1.6815302,-2.3268979,-1.7541714,-0.55743796
-0.13558212,-0.626569,1.6186255,-2.197689,-1.6715195,-0.25718945
-0.15010019,-0.61774576,1.5858356,-2.1090965,-1.654829,-0.18110855
-0.17901888,-0.6376121,1.6613419,-2.314826,-1.589442,-0.064820714
-0.18926646,-0.6340946,1.6428156,-2.2559476,-1.5848272,-0.041813064
-0.21003933,-0.6282723,1.6160837,-2.1621273,-1.5561292,0.03501874
-0.22185785,-0.6365414,1.6468782,-2.240277,-1.5430256,0.07812403
-0.2464221,-0.5399592,1.3426828,-1.3713579,-1.464181,0.067898296
-0.25412697,-0.53302425,1.3415965,-1.3799725,-1.4478642,0.07867707
-0.26498842,-0.5275248,1.3433418,-1.3898627,-1.425677,0.09324716
-0.2657853,-0.54299223,1.3557308,-1.3837502,-1.421813,0.09506535
-0.26146057,-0.5514568,1.3597182,-1.3770019,-1.4296904,0.089653954
-0.25611696,-0.56557536,1.3671803,-1.3666414,-1.4400113,0.08249237
-0.25752357,-0.5753003,1.375004,-1.3629117,-1.4363757,0.08442035
-0.27871817,-0.5748976,1.3892413,-1.3839608,-1.3870145,0.11650764
-0.2802493,-0.561202,1.3802857,-1.3919454,-1.3853391,0.118381724
-0.2881572,-0.55287486,1.380084,-1.4045191,-1.3678181,0.1305531
-0.29174677,-0.54243606,1.3747873,-1.4126347,-1.3629118,0.13448738
-0.2829581,-0.52798647,1.3567895,-1.4089895,-1.3844979,0.120810255
-0.27507403,-0.51470274,1.3402287,-1.4054283,-1.4041376,0.10823695
-0.28123596,-0.5073118,1.3388392,-1.4148344,-1.3931035,0.11611959
-0.29460126,-0.5066715,1.3484025,-1.4293416,-1.3653998,0.13502806
-0.3000466,-0.5295519,1.3710108,-1.4264559,-1.348794,0.14481394
-0.31773782,-0.5475398,1.4010041,-1.4432207,-1.3052226,0.17386745
-0.3220806,-0.5378422,1.3974658,-1.4529167,-1.2992561,0.17893288
-0.33077812,-0.53285676,1.4017869,-1.4668533,-1.2833807,0.19072562
-0.33652934,-0.5518724,1.4224937,-1.4680809,-1.2657939,0.20155093
-0.330431,-0.5628997,1.4252129,-1.4555068,-1.2744617,0.1943888
-0.32635924,-0.5713943,1.4278045,-1.4465479,-1.2798208,0.18983038
-0.32479113,-0.58097166,1.4334568,-1.4401779,-1.2812545,0.18796884
-0.32410738,-0.58991367,1.4393971,-1.4352846,-1.2807783,0.18750936
-0.33472428,-0.6027939,1.4592246,-1.4451382,-1.2536174,0.20530856
-0.3436505,-0.59346706,1.4616466,-1.462895,-1.237859,0.2175646
-0.35177538,-0.58723277,1.466398,-1.4804273,-1.22178,0.23042424
-0.35337415,-0.5770974,1.4604535,-1.4870548,-1.2215228,0.23174515
-0.348974,-0.5651054,1.4459015,-1.482927,-1.2353997,0.22246626
-0.34696636,-0.5467946,1.42888,-1.4850942,-1.2460005,0.21629374
-0.34588274,-0.53580564,1.4187099,-1.4866583,-1.2519797,0.21289402
-0.36463538,-0.55239856,1.453898,-1.5152656,-1.2078371,0.24511166
-0.36344805,-0.5641104,1.4619601,-1.5096037,-1.2053901,0.24561654
-0.3733559,-0.58160233,1.4872859,-1.5212696,-1.1790565,0.26374182
-0.37085396,-0.598792,1.4976109,-1.5109973,-1.1769588,0.26319516
-0.36551225,-0.6062142,1.4969451,-1.4988426,-1.1847582,0.25633484
-0.3748558,-0.6224208,1.5199413,-1.509213,-1.1597233,0.27327856
-0.38487768,-0.6157637,1.5284231,-1.5335454,-1.1409993,0.289652
-0.38503435,-0.5985873,1.515268,-1.5389985,-1.1480138,0.2862695
-0.38851032,-0.5809478,1.5059574,-1.5518029,-1.1478215,0.28895217
-0.37837625,-0.5649679,1.4799771,-1.5353792,-1.175914,0.26823166
-0.38216674,-0.55671704,1.477736,-1.5444901,-1.171739,0.2724805
-0.40322095,-0.565398,1.513119,-1.5871348,-1.1264118,0.30942133
-0.40297106,-0.58527887,1.5291516,-1.5820231,-1.1171523,0.3142623
-0.4036847,-0.59683484,1.5394385,-1.5806724,-1.1101139,0.31844223
-0.4035155,-0.61863184,1.5563844,-1.5745119,-1.0996982,0.32382664
-0.39945647,-0.63559806,1.5636969,-1.5603327,-1.100501,0.32050598
-0.39131743,-0.6411734,1.5565163,-1.540006,-1.1160145,0.30670565
-0.4138906,-0.63506305,1.5835786,-1.5927472,-1.0715551,0.34521598
-0.421232,-0.6279538,1.5895774,-1.6141917,-1.0593729,0.35793364
-0.4186612,-0.61329556,1.5735902,-1.6098505,-1.0726733,0.3480973
-0.41953295,-0.6020703,1.5657098,-1.6141417,-1.076646,0.3463773
-0.4142903,-0.58111036,1.5411255,-1.6069354,-1.0974525,0.33162394
-0.4313209,-0.5909101,1.5749062,-1.6470264,-1.0585685,0.36556548
-0.4430005,-0.60822314,1.6078534,-1.6747212,-1.0264041,0.3930425
-0.44008467,-0.6191313,1.6123328,-1.6657442,-1.0256432,0.39163977
-0.43547612,-0.63032216,1.6142324,-1.6522596,-1.0278409,0.38733807
-0.4378929,-0.64272916,1.6280619,-1.6564524,-1.0160853,0.39613032
-0.44134378,-0.66621315,1.6520804,-1.6611285,-0.9959644,0.41066247
-0.45621908,-0.6700857,1.6818666,-1.7076123,-0.96228784,0.44542912
-0.45618615,-0.6593041,1.6728406,-1.7079855,-0.9691124,0.4405197
-0.45213994,-0.6408172,1.6497914,-1.6952995,-0.9895022,0.42270005
-0.46064478,-0.62766165,1.6540753,-1.7235824,-0.97902066,0.4370363
-0.4651301,-0.618991,1.6545943,-1.7374889,-0.97596025,0.44247273
-0.46432012,-0.606493,1.6420102,-1.7345693,-0.98585945,0.43457735
-0.47953728,-0.62260455,1.6839014,-1.7822299,-0.9460431,0.4747539
-0.48362455,-0.63491225,1.7022249,-1.7953764,-0.9299687,0.48966163
-0.48323032,-0.6510095,1.7155302,-1.7945627,-0.92000216,0.49683765
-0.49287695,-0.665355,1.7488707,-1.8350701,-0.8885706,0.5324594
-0.48908138,-0.6735077,1.748162,-1.8212999,-0.8911173,0.52679735
-0.4846781,-0.69029063,1.7538314,-1.8067273,-0.8886054,0.52512974
-0.48860753,-0.7075862,1.7777272,-1.8262945,-0.86718994,0.5478828
-0.50394,-0.7059379,1.8099337,-1.8897102,-0.83468497,0.59157294
-0.5042294,-0.6943243,1.7999625,-1.8876405,-0.843082,0.58383423
-0.5049447,-0.68306357,1.7911329,-1.8873156,-0.85035914,0.57753146
-0.5162622,-0.6733064,1.8064785,-1.9290822,-0.8354406,0.6006594
-0.5238233,-0.6635348,1.8154888,-1.9618844,-0.82619596,0.61858237
-0.5211305,-0.6502311,1.7949251,-1.9408637,-0.8434239,0.5967595
-0.51364845,-0.6441508,1.7863284,-1.9690623,-0.87754816,0.606951
-0.50602996,-0.64202607,1.7548685,-1.8800125,-0.8797098,0.55105084
-0.4977627,-0.64659965,1.7417885,-1.8498348,-0.8923047,0.53315145
-0.49773797,-0.6579605,1.7524254,-1.8527595,-0.8836513,0.5410419
-0.5095539,-0.65936935,1.778838,-1.8985142,-0.8595036,0.5725496
-0.49531472,-0.63128,1.7221125,-1.8365456,-0.90872324,0.5164057
-0.48066473,-0.63571084,1.727989,-1.9206529,-0.96666855,0.55434185
-0.46756598,-0.6428714,1.6798848,-1.7455645,-0.9553251,0.45947126
-0.47044888,-0.65821177,1.6982988,-1.7547072,-0.9395571,0.473207
-0.47490677,-0.67282885,1.7188381,-1.7687105,-0.92128384,0.48996753
-0.4724763,-0.6944912,1.732345,-1.7609301,-0.9112777,0.495718
-0.4548151,-0.68276554,1.689661,-1.7022669,-0.9573822,0.44779354
-0.4273445,-0.69975847,1.6867683,-1.7516208,-1.0346043,0.4556614
-0.40212053,-0.69226056,1.6510222,-1.7249715,-1.1001091,0.4115043
-0.41969573,-0.657201,1.6101874,-1.6039765,-1.0473024,0.3638588
-0.42418575,-0.6501035,1.611871,-1.6178143,-1.0413079,0.37082675
-0.39247218,-0.6854558,1.8243276,-2.3950186,-1.2910147,0.7036072
-0.40242812,-0.6934367,1.8624197,-2.468399,-1.2895561,0.7841435
-0.4258289,-0.7012852,1.9052217,-2.5172873,-1.2477098,0.8784626
-0.4199335,-0.708915,1.9503903,-2.640568,-1.3091586,0.9802036
-0.4410669,-0.71634907,2.005308,-2.7159283,-1.2768579,1.1072458
-0.45587382,-0.721841,2.0667498,-2.8146763,-1.2611191,1.2496645
-0.5224202,-0.7056901,2.096085,-2.785098,-1.0069805,1.2493862
-0.49058917,-0.7142109,2.1387167,-2.9313176,-1.1474075,1.4160936
-0.46108758,-0.72309303,2.1565502,-2.9851964,-1.273753,1.5057714
-0.4661945,-0.7209954,2.1759243,-3.0181482,-1.2540327,1.5464758
-0.44479015,-0.72225934,2.2188258,-3.1043441,-1.3267652,1.7227443
-0.4194501,-0.72922933,2.2388828,-3.1188164,-1.4426967,1.149375
-0.52158165,-0.68479455,2.2256482,-3.1391869,-1.03609,1.624795
-0.596215,-0.5700004,1.7661982,0.41800937,0.55554,-1.6218786
-0.6012705,-0.5642269,1.7743504,0.3874893,0.55824506,-1.6024097
-0.605205,-0.5310326,1.7384808,0.47575802,0.5641658,-1.7035971
-0.60942215,-0.51497614,1.7284647,0.4936523,0.56849104,-1.7321827
-0.61520636,-0.49591756,1.7176218,0.50609434,0.5736487,-1.757086
-0.61077505,-0.48359796,1.6891841,0.5842328,0.5797485,-1.8308406
-0.6062803,-0.49202076,1.6890578,0.595816,0.5778099,-1.8340759
-0.60113955,-0.5075304,1.6966205,0.59044456,0.5731316,-1.8177589
-0.5990338,-0.52914995,1.7195634,0.5376697,0.56561404,-1.7564855
-0.5943613,-0.5372851,1.7177306,0.5513837,0.5636735,-1.7606502
-0.59022576,-0.55010843,1.7231635,0.544352,0.56007695,-1.7433637
-0.5943541,-0.51174915,1.6848176,0.6348285,0.5736226,-1.8509253
-0.59424067,-0.4892245,1.6568909,0.700435,0.5857568,-1.9231344
-0.5882064,-0.48961484,1.6444929,0.74346894,0.5903077,-1.959043
-0.58779246,-0.5093005,1.6663507,0.6941121,0.5783785,-1.9020116
-0.584015,-0.52553564,1.6768236,0.6779737,0.57158065,-1.8753612
-0.5806268,-0.49310887,1.6325219,0.7890214,0.59433323,-1.994527
-0.5728276,-0.49913704,1.6227912,0.8191651,0.6076979,-2.0144773
-0.57392216,-0.46807638,1.5901575,0.894222,0.6189255,-2.1010656
-0.5730495,-0.4442903,1.5620891,0.9454135,0.6398862,-2.1602814
-0.5716264,-0.42198592,1.5341994,0.99383944,0.66090536,-2.2150447
-0.5645491,-0.42431656,1.5239984,1.0292213,0.6683918,-2.2427807
-0.56457573,-0.43883252,1.5406597,1.0045356,0.6559783,-2.2135541
-0.5618725,-0.44896516,1.5470401,1.0018618,0.6506996,-2.2045896
-0.5522472,-0.7525589,2.0018706,-2.234578,-0.6754766,0.8664856
-0.54822624,-0.7411521,1.9720718,-2.1795068,-0.6997737,0.8175942
-0.5521011,-0.7321829,1.9737129,-2.194553,-0.69955605,0.8223645
-0.55730873,-0.7226622,1.9792746,-2.219513,-0.696193,0.8342272
-0.56800824,-0.70886,1.9998362,-2.2855422,-0.6819148,0.87391746
-0.5681545,-0.696911,1.9826128,-2.2609556,-0.69550395,0.847668
-0.56967694,-0.6846732,1.9709777,-2.2504268,-0.7054666,0.8316306
-0.5790694,-0.6735566,1.9904315,-2.3108966,-0.69130975,0.8695375
-0.5788314,-0.68937725,2.0160198,-2.3502247,-0.6732261,0.90879667
-0.5871113,-0.6845898,2.047771,-2.434644,-0.65282094,0.9691028
-0.58495444,-0.6952171,2.0571947,-2.4446595,-0.64559424,0.9841176
-0.5790404,-0.7076211,2.0499566,-2.409896,-0.64923745,0.96605206
-0.5843326,-0.7130049,2.0969577,-2.5316553,-0.61703324,1.0663456
-0.5943056,-0.69139075,2.1227484,-2.6325836,-0.60569495,1.1304609
-0.59899783,-0.6771597,2.1189356,-2.6398704,-0.6094736,1.1258577
-0.5994784,-0.6688908,2.0917742,-2.573324,-0.62578154,1.0667969
-0.6038387,-0.65702134,2.0930216,-2.5926468,-0.62634456,1.0736786
-0.6072057,-0.65582705,2.129721,-2.7001,-0.6056294,1.1591806
-0.6057319,-0.6626368,2.1491117,-2.7507992,-0.5940544,1.206022
-0.60083956,-0.6765518,2.1499527,-2.7365048,-0.5918247,1.2051105
-0.6150122,-0.63419574,2.1700401,-2.8578584,-0.5868231,1.2746813
-0.5936643,-0.6705426,2.0551136,-2.4725866,-0.64879185,0.9889524
-0.58850867,-0.66609955,2.020742,-2.3937469,-0.6716721,0.9263921
-0.55880255,-0.6800784,1.9902788,-2.4055572,-0.7989238,0.9349369
-0.5644837,-0.6722226,1.9375135,-2.195234,-0.7302955,0.7847989
-0.5557649,-0.6805969,1.9200364,-2.1460285,-0.7431031,0.75480306
-0.55418336,-0.6683957,1.9000154,-2.1212363,-0.7579318,0.73056567
-0.5448631,-0.672942,1.8790185,-2.0723403,-0.7742848,0.6992565
-0.54103863,-0.68305176,1.880007,-2.060428,-0.7734821,0.696859
-0.53615695,-0.691725,1.876623,-2.0420208,-0.7760797,0.6892965
-0.5300822,-0.6797403,1.8483622,-2.003284,-0.7990522,0.656003
-0.5338646,-0.6611108,1.8381383,-2.0091047,-0.8075246,0.64926064
-0.52168846,-0.68965644,1.8371441,-1.9667026,-0.80917263,0.6360511
-0.52199525,-0.70436126,1.8530649,-1.977506,-0.7960001,0.65183026
-0.52611226,-0.72029,1.8803269,-2.010359,-0.7726847,0.68419343
-0.5201336,-0.72940046,1.873693,-1.9835489,-0.7790414,0.67026347
-0.5085019,-0.7186278,1.8326324,-1.9153862,-0.814943,0.6162044
-0.4956764,-0.74355304,1.8567066,-1.9973564,-0.8548038,0.6752365
-0.50510985,-0.7563003,1.9043615,-2.0969932,-0.8334424,0.7534481
-0.50548977,-0.7759808,1.9651601,-2.2647028,-0.8491248,0.88537854
-0.51307106,-0.79039866,2.050466,-2.4870791,-0.8458609,1.0757405
-0.5473657,-0.7686713,2.080734,-2.5034885,-0.71238834,1.0859399
-0.5381288,-0.7452512,1.9431312,-2.1090636,-0.7214374,0.76926464
-0.5388419,-0.72960925,1.9260626,-2.0911005,-0.7365607,0.74554557
-0.54400015,-0.71686953,1.9270979,-2.1105335,-0.73667663,0.75128037
-0.54770863,-0.70591235,1.9255793,-2.1223507,-0.73833054,0.7529696
-0.5556372,-0.6954846,1.9381065,-2.1635156,-0.7296299,0.7756808
-0.53381133,-0.7119492,1.8919203,-2.0449812,-0.7631863,0.7032963
-0.51137227,-0.3737481,1.3626028,1.0836984,0.93662226,-2.3177185
-0.52635324,-0.41904435,1.4459144,0.9500579,0.92947423,-2.1940439
-0.4757641,-0.38911682,1.3349175,1.3131746,0.91461265,-2.5032578
-0.4594402,-0.3779953,1.2983974,1.3528072,0.95915806,-2.5455132
-0.43109965,-0.3946911,1.2756699,1.3206111,1.0466474,-2.540819
-0.3940376,-0.39309394,1.2286397,1.3336953,1.1458133,-2.5977383
-0.36251438,-0.3712476,1.1711568,1.3915374,1.218556,-2.6919675
-0.33553255,-0.40092334,1.1813172,1.3142917,1.2935059,-2.6990976
-0.32541415,-0.36164737,1.1268138,1.4133672,1.3059558,-2.7816606
-0.28402546,-0.36145458,1.0962375,1.4062968,1.3984007,-2.880246
-0.29387644,-0.41534024,1.1689124,1.2714244,1.3914514,-2.791301
-0.30234268,-0.47601652,1.2551537,1.1170211,1.3982472,-2.6708121
-0.3157673,-0.49794367,1.294479,1.064091,1.3818753,-2.579608
-0.31928435,-0.54305786,1.3624799,0.9481623,1.4006335,-2.4374485
-0.33683538,-0.5503578,1.3852562,0.93394667,1.3658273,-2.3491254
-0.3424736,-0.588882,1.4505275,0.83918977,1.3810315,-2.1770158
-0.31752676,-0.5887812,1.4358712,0.832774,1.4406866,-2.2717934
-0.32751542,-0.6147877,1.4875859,0.7730877,1.4386615,-2.089627
-0.30081847,-0.6221866,1.4874734,0.7437513,1.5095676,-1.8721449
-0.2799773,-0.6306146,1.4994693,0.71849805,1.5560658,-1.8507847
-0.27579376,-0.6197358,1.4755079,0.73986405,1.5486461,-1.8466144
-0.26473635,-0.61475,1.463765,0.748361,1.5534375,-1.8355131
-0.25922957,-0.6047956,1.4413573,0.7667477,1.5523719,-1.8299763
-0.2520367,-0.610454,1.4536283,0.7555707,1.5583947,-1.8227788
-0.2399888,-0.6094486,1.4510041,0.7568142,1.5630621,-1.8107163
-0.24009338,-0.61968434,1.4739333,0.7375767,1.566377,-1.8108461
-0.23203173,-0.624948,1.485753,0.7276208,1.5685894,-1.8027959
-0.2250026,-0.6179789,1.469919,0.7404507,1.5691663,-1.7957503
-0.22081628,-0.62739867,1.4912157,0.7228807,1.5707214,-1.7915857
-0.2278612,-0.6343266,1.5070139,0.71004736,1.5699295,-1.7986424
-0.23454425,-0.6413289,1.5229356,0.69684255,1.570292,-1.8053342
-0.23163174,-0.649519,1.5416619,0.6813977,1.5706074,-1.8024273
-0.23662964,-0.6578489,1.5608332,0.66569734,1.5695426,-1.8074255
-0.22601049,-0.6580598,1.5613306,0.66531956,1.5699272,-1.7968062
-0.22260797,-0.66572225,1.5790967,0.65089965,1.5682524,-1.7933996
-0.23249908,-0.6718014,1.5932281,0.6393718,1.5665405,-1.8032839
-0.2398284,-0.66684484,1.581761,0.6488735,1.5666122,-1.8106194
-0.24731112,-0.6751924,1.6013273,0.63324195,1.5628773,-1.818094
-0.2501854,-0.68303365,1.6197828,0.6184363,1.5596002,-1.8209568
-0.23893598,-0.68054694,1.6138237,0.62299234,1.5621394,-1.8097097
-0.24382778,-0.69037956,1.6369624,0.6041831,1.5587275,-1.8145801
-0.25782174,-0.69445235,1.6469854,0.5969232,1.552825,-1.8285768
-0.25687566,-0.70259786,1.6661513,0.5809056,1.5516591,-1.8275993
-0.2640218,-0.71068627,1.6857371,0.56548625,1.545853,-1.8347298
-0.26134226,-0.7189317,1.7052113,0.54883325,1.5456195,-1.8319988
-0.24976636,-0.7204304,1.7082435,0.54511577,1.5505311,-1.8203933
-0.2411182,-0.7242692,1.716999,0.536828,1.5538327,-1.8117108
-0.2551476,-0.72997296,1.7313129,0.5261323,1.5463302,-1.8257203
-0.2676338,-0.7268205,1.7244862,0.53343165,1.5403359,-1.8382629
-0.28462037,-0.7199833,1.709251,0.5485195,1.5319839,-1.8553718
-0.2981359,-0.7122411,1.6915084,0.56433165,1.5230188,-1.8690368
-0.3000443,-0.70314914,1.6703222,0.58331245,1.5260954,-1.8709853
-0.28588632,-0.6994026,1.6600683,0.58907974,1.5381393,-1.8567123
-0.29468155,-0.6922905,1.643806,0.6036094,1.5349123,-1.8655753
-0.28837147,-0.68274045,1.6205106,0.62100786,1.544157,-1.859219
-0.2956368,-0.67795783,1.6096817,0.63067615,1.5414078,-1.8665228
-0.29518116,-0.67034173,1.5912244,0.6442641,1.5487375,-1.8660302
-0.28337657,-0.66660285,1.5816913,0.6501083,1.5581896,-1.8541845
-0.2720557,-0.66271555,1.572275,0.6568201,1.5638915,-1.8428534
-0.2766237,-0.65636027,1.557292,0.6682986,1.5673337,-1.8474208
-0.2787186,-0.6477556,1.5374964,0.6844847,1.5677372,-1.8495154
-0.2730817,-0.63928485,1.5184944,0.70106614,1.5643619,-1.8438761
-0.26038945,-0.6344405,1.5075394,0.7103024,1.564405,-1.8311764
-0.24995469,-0.62902635,1.4951986,0.72036594,1.5652153,-1.8207304
-0.24946634,-0.6385679,1.516772,0.7022718,1.5673592,-1.8202549
-0.25864744,-0.64430106,1.5296853,0.6911734,1.5688099,-1.829441
-0.2506534,-0.64844686,1.5391362,0.68329316,1.5700353,-1.8214487
-0.24274543,-0.6515107,1.5461738,0.6775314,1.5705063,-1.8135415
-0.2564582,-0.65979004,1.5653615,0.662108,1.5672764,-1.8272542
-0.26412126,-0.65521014,1.5546016,0.67040175,1.5692551,-1.8349177
-0.26540816,-0.6681547,1.5849978,0.6467026,1.562459,-1.8362025
-0.25602248,-0.6688809,1.5865904,0.6451755,1.5640887,-1.8268132
-0.27065697,-0.6759762,1.6035446,0.63234353,1.5571907,-1.8414513
-0.2659635,-0.68595576,1.6271139,0.61352444,1.5532563,-1.8367463
-0.27820405,-0.6901486,1.6374867,0.60614157,1.5469015,-1.849005
-0.27335608,-0.70401,1.6702731,0.57915664,1.5435745,-1.8441147
-0.24258177,-0.7020784,1.6644421,0.5812369,1.5569538,-1.8132925
-0.24247582,-0.7108242,1.6850797,0.5638698,1.5557238,-1.8131459
-0.22936364,-0.704376,1.6689757,0.57532513,1.5672845,-1.8000503
-0.22036386,-0.6969865,1.6504791,0.5877307,1.5848483,-1.7911078
-0.22924128,-0.686566,1.6277014,0.6110689,1.563403,-1.7999983
-0.21957164,-0.6773166,1.6053895,0.627613,1.5752487,-1.790349
-0.19553995,-0.6690699,1.5838183,0.63575983,1.631679,-1.7666975
-0.18829933,-0.67774874,1.6035321,0.61542445,1.65478,-1.7597528
-0.19648473,-0.6913639,1.6352317,0.59076446,1.6412956,-1.7677299
-0.19936508,-0.7084666,1.6751251,0.55626905,1.6437162,-1.770593
-0.20089996,-0.7207639,1.7039993,0.5308064,1.646944,-1.7721214
-0.21156807,-0.7294415,1.7249266,0.51624227,1.6259726,-1.7824625
-0.23730494,-0.74004024,1.7501069,0.49646708,1.568495,-1.807622
-0.26207367,-0.75702417,1.7805454,0.4365028,1.5191438,-1.8312865
-0.29479977,-0.7755121,1.8166823,0.36282957,1.4556783,-0.5987127
-0.2800562,-0.80141747,1.8658487,0.26009145,1.4574391,-0.42283812
-0.21527182,-0.79593813,1.8471001,0.2789384,1.6167507,0.1850152
-0.1710587,-0.773072,1.809432,0.33757436,1.7270186,0.66248995
-0.12750985,-0.7613154,1.7998414,0.33169973,1.8188022,0.87908363
-0.10122836,-0.74332464,1.7747849,0.36563495,1.8464581,0.9981755
-0.07646144,-0.74688536,1.7893026,0.30959544,1.884569,0.9465279
-0.059294954,-0.7245948,1.7517842,0.37030813,1.9005351,1.0751731
-0.050747138,-0.70213926,1.710233,0.43870533,1.8960047,1.1988606
-0.024969278,-0.69241476,1.6998224,0.42607597,1.9446144,1.209046
-0.012692364,-0.6725407,1.6642529,0.47160363,1.9569919,1.2918164
-0.018351972,-0.6576447,1.6298989,0.5293442,1.9258091,1.373987
-0.0022605052,-0.6461596,1.6128806,0.53505605,1.961903,1.3914056
0.024223069,-0.62598974,1.5877155,0.54618376,2.03327,1.4305861
0.02951495,-0.5952707,1.5282263,0.6249277,2.0412955,1.5423177
0.029377868,-0.5673864,1.4728149,0.7005588,2.041576,1.6482576
0.022958398,-0.5552385,1.4428457,0.73896974,2.0251913,1.6973351
0.0073256865,-0.5468701,1.4123036,0.77469593,1.9857833,1.7413651
-0.0030190544,-0.5710624,1.4504911,0.7250835,1.946093,1.6625547
-0.011442105,-0.5941362,1.4932199,0.6795581,1.9162761,1.5939596
0.0009502874,-0.6010638,1.5168959,0.6505559,1.950468,1.5589023
-0.0048988517,-0.61599433,1.5454237,0.6213295,1.9356261,1.5146875
-0.022816855,-0.636825,1.5817211,0.59161544,1.8952326,1.4636146
-0.031513184,-0.6474576,1.6014612,0.5755042,1.8803575,1.4360095
-0.046169564,-0.64037466,1.5792398,0.6093982,1.8395687,1.4861305
-0.054626986,-0.64887035,1.595077,0.5973097,1.836747,1.4673469
-0.064910084,-0.65070885,1.5929651,0.5990428,1.828785,1.4556605
-0.063972436,-0.64244217,1.5732893,0.61499536,1.8255255,1.472068
-0.05413959,-0.63736606,1.5670514,0.61986935,1.828104,1.4875052
-0.046494957,-0.6295936,1.5525968,0.63087463,1.8295137,1.5047574
-0.052563637,-0.6249932,1.5377955,0.64313316,1.819188,1.5104175
-0.042177238,-0.61799073,1.52682,0.65087044,1.8265703,1.5269612
-0.042672098,-0.6107159,1.5087707,0.66460943,1.8315766,1.5392662
-0.05014772,-0.6069995,1.4953709,0.675514,1.8281459,1.5436493
-0.05535754,-0.6165875,1.5155551,0.66034454,1.8234152,1.5248791
-0.06360554,-0.625257,1.531738,0.6484693,1.8185735,1.506269
-0.074855775,-0.62886417,1.5338756,0.64750373,1.8156582,1.49552
-0.08041658,-0.6380435,1.5527787,0.6324986,1.8169956,1.4743996
-0.07377589,-0.6424104,1.5674053,0.62039846,1.821261,1.4686396
-0.06535469,-0.63524765,1.554916,0.62997836,1.8216074,1.4857736
-0.09058952,-0.6368889,1.5439475,0.6402816,1.8142726,1.4737867
-0.09742353,-0.64649665,1.5631517,0.6248056,1.8154687,1.4502469
-0.10418709,-0.6425521,1.5495497,0.63618934,1.814384,1.4567903
-0.11356755,-0.64137816,1.5410767,0.6435235,1.8157676,1.457559
-0.10554516,-0.6337617,1.5276024,0.65427965,1.8163564,1.477771
-0.09516823,-0.6308652,1.5267944,0.6544841,1.815036,1.486693
-0.08183975,-0.6189065,1.5055768,0.670154,1.8206809,1.5143523
-0.075071886,-0.60841894,1.4843818,0.6864166,1.8246378,1.5372912
-0.06970247,-0.6141362,1.5011243,0.6726308,1.822916,1.5260171
-0.058527566,-0.6026994,1.4801565,0.6882014,1.8293909,1.550708
-0.05094678,-0.59332395,1.4618301,0.7008018,1.8383949,1.5651675
-0.060287286,-0.5936342,1.4573268,0.7059021,1.8329211,1.5661591
-0.05241139,-0.58325684,1.4369698,0.7201039,1.8425556,1.5820484
-0.062249195,-0.58447224,1.4343765,0.72368807,1.836492,1.5814443
-0.07195306,-0.5879655,1.4373808,0.72278744,1.8332618,1.5762168
-0.08199247,-0.59272057,1.4432368,0.7200681,1.8272662,1.5699608
-0.09191611,-0.5970676,1.4481337,0.71745425,1.8243572,1.5617236
-0.100529335,-0.5989134,1.4477073,0.71885604,1.8235928,1.558217
-0.10211151,-0.5914163,1.4291077,0.7337462,1.8260943,1.5733356
-0.11049454,-0.5911854,1.4238583,0.7388888,1.8240733,1.5738505
-0.113732696,-0.6003811,1.4436337,0.72332335,1.8218163,1.553807
-0.11760284,-0.6112436,1.4670653,0.70478433,1.8191193,1.5293573
-0.10573681,-0.61142206,1.4741837,0.6976312,1.8223572,1.5290238
-0.09662117,-0.6123377,1.4817059,0.69110894,1.8198565,1.5289555
-0.08900563,-0.6034285,1.4648567,0.70400107,1.8226688,1.549264
-0.086360216,-0.61108947,1.4845254,0.68800026,1.8208777,1.5329922
-0.07606794,-0.5993622,1.4620969,0.70383894,1.8286731,1.5542401
-0.06761869,-0.57681936,1.4135362,0.74101126,1.8374523,1.5970968
-0.07770855,-0.5766983,1.4077542,0.7472684,1.8329422,1.599837
-0.073339775,-0.5665675,1.3863634,0.7632395,1.8375819,1.6171904
-0.082143575,-0.56434506,1.3766407,0.77270555,1.8342791,1.6252867
-0.088537365,-0.5576514,1.3577629,0.7887014,1.8339902,1.6399438
-0.094397,-0.56752807,1.3775921,0.77403253,1.830696,1.6225084
-0.10517945,-0.5707843,1.379257,0.7741185,1.8280181,1.6171294
-0.10485115,-0.580192,1.4012334,0.7561983,1.8277563,1.5961447
-0.09173171,-0.576047,1.398887,0.7567234,1.8293061,1.6050783
-0.08765997,-0.5858298,1.4240745,0.73635805,1.8273039,1.5857985
-0.062006917,-0.5652565,1.3893359,0.75881237,1.8431767,1.6157287
-0.054870147,-0.5701058,1.4045066,0.7457075,1.8452555,1.605142
-0.040606398,-0.56266,1.4015557,0.76053333,1.8744648,1.6662856
-0.032848455,-0.5635117,1.410487,0.75785005,1.8853296,1.6803916
-0.029298114,-0.57754636,1.4429287,0.7257923,1.8802067,1.6376302
-0.029878013,-0.59334344,1.477181,0.6925605,1.8690573,1.5898566
-0.043405175,-0.59651303,1.4739941,0.6911057,1.8407607,1.5625119
-0.00801655,-0.5380144,1.3817469,0.80699295,1.9546477,1.7815089
-0.013607935,-0.52815413,1.3581142,0.83300906,1.9516811,1.8145069
-0.028116275,-0.5272319,1.3444836,0.8432428,1.9250017,1.8245157
-0.03254737,-0.51180667,1.3142638,0.8851949,1.9294684,1.8935213
-0.05605952,-0.5342158,1.3367292,0.83770585,1.8781862,1.796686
-0.0697552,-0.5320536,1.3238597,0.8496487,1.8640277,1.8109322
-0.09604792,-0.52676475,1.3002858,0.87909806,1.8460166,1.8638666
-0.10658448,-0.51783526,1.281244,0.9126409,1.8391757,1.9499238
-0.10016126,-0.55945015,1.3556895,0.79211557,1.8313564,1.6388546
-0.11989035,-0.56765705,1.3648962,0.78987765,1.801833,1.6419547
-0.12268182,-0.58049387,1.3932287,0.7675654,1.7974101,1.6130719
-0.13209814,-0.59200907,1.4160852,0.7522331,1.773299,1.5982007
-0.1344132,-0.60225326,1.4389081,0.7341033,1.7700565,1.5706035
-0.14065272,-0.62149554,1.4814302,0.70093155,1.7589444,1.5177532
-0.12725048,-0.628372,1.5028056,0.6779215,1.7993336,1.4895668
-0.12205441,-0.63769746,1.5272254,0.65549064,1.8152629,1.4646704
-0.112279736,-0.62922907,1.5127058,0.66668886,1.8182901,1.4867672
-0.10160431,-0.6219951,1.501824,0.6752064,1.8180571,1.5064834
-0.124344155,-0.64947075,1.5541003,0.6333175,1.8135865,1.4349517
-0.11638397,-0.65180314,1.56441,0.62410396,1.8151671,1.430783
-0.12462208,-0.6598295,1.5788268,0.6124179,1.813781,1.4084742
-0.11801779,-0.66343147,1.5914575,0.6012535,1.8151617,1.4007565
-0.1151849,-0.6697066,1.6084455,0.5867949,1.817434,1.387363
-0.11581006,-0.67789143,1.6280444,0.570137,1.8183537,1.3673573
-0.1263857,-0.6858662,1.6410218,0.55929685,1.8140165,1.3407376
-0.1316328,-0.69523364,1.6608526,0.5424762,1.8131176,1.3148879
-0.12639338,-0.6998881,1.6755849,0.5294214,1.8150585,1.3052517
-0.12906945,-0.7086511,1.6957097,0.51202667,1.8147929,1.2817739
-0.13528717,-0.71712106,1.7129871,0.49714893,1.8127099,1.2562575
-0.12671396,-0.7193596,1.7241176,0.48722583,1.8181881,1.2588141
-0.11448467,-0.7095954,1.7074643,0.5017301,1.8226175,1.2920257
-0.11690702,-0.7020374,1.6869868,0.51947755,1.8209447,1.3084812
-0.10618224,-0.69512236,1.6766654,0.5284997,1.8226477,1.3313807
-0.11006104,-0.6899581,1.6613475,0.5415875,1.8199592,1.3402355
-0.118986994,-0.68956316,1.6547289,0.54732126,1.8181918,1.3367795
-0.1061879,-0.67964005,1.6383632,0.561289,1.8191903,1.3669232
-0.094865724,-0.67789596,1.6412771,0.5591972,1.8242859,1.3807008
-0.08711833,-0.6796576,1.6504093,0.55129826,1.8279976,1.3813131
-0.07196679,-0.67182237,1.6407014,0.55961275,1.8344022,1.4097484
-0.073552474,-0.66501033,1.6228422,0.57449853,1.8305917,1.4220873
-0.06352981,-0.6581214,1.6120758,0.58329463,1.8328974,1.4419935
-0.05850515,-0.6639672,1.6299491,0.5687637,1.8421086,1.4370217
-0.066632494,-0.6809857,1.6652545,0.53444123,1.8440543,1.3799672
-0.072500676,-0.69370437,1.6893575,0.5028048,1.8501703,1.3138186
-0.08761522,-0.69034207,1.6766704,0.52896535,1.8309547,1.3580747
-0.099142574,-0.6983589,1.6892809,0.5178528,1.826847,1.3303351
-0.09852403,-0.7113602,1.7176634,0.48091164,1.8328815,1.2580636
-0.08205853,-0.71053565,1.7192415,0.45984003,1.8522106,1.2168792
-0.046795253,-0.6743812,1.6553653,0.5234298,1.874821,1.3522706
-0.0868147,-0.6687702,1.623733,0.573809,1.8248944,1.4050528
-0.079902776,-0.66051924,1.6078254,0.5870344,1.8261108,1.4273732
-0.086771965,-0.6580372,1.5974698,0.59580237,1.8217034,1.4284751
-0.09640138,-0.65561014,1.5858368,0.6059169,1.818139,1.4301353
-0.107060716,-0.6551486,1.5781363,0.61228746,1.8159369,1.4254053
-0.10380767,-0.6680146,1.6113883,0.584212,1.8175635,1.3956043
-0.096625425,-0.6700473,1.6208926,0.5764286,1.8215169,1.3970344
-0.12738498,-0.6724945,1.60781,0.58789945,1.8135247,1.3752141
-0.13855878,-0.68261296,1.6270877,0.5748225,1.7894521,1.3374997
-0.15989888,-0.69323516,1.6448203,0.5674621,1.7373679,1.26801
-0.16790165,-0.7027157,1.6651888,0.55238885,1.7208157,1.2123402
-0.15457956,-0.7133012,1.6952355,0.5201403,1.7613131,1.222167
-0.17568776,-0.73317206,1.7369808,0.49031565,1.7170191,1.0855812
-0.13969573,-0.7342885,1.748076,0.4520925,1.8068892,1.1477808
-0.11419545,-0.79649305,1.8753923,0.1464686,1.8385817,0.6340158
-0.13507041,-0.8184722,1.9152994,0.0654924,1.7999374,0.48328388
-0.09482385,-0.8059419,1.9071969,0.05155144,1.872607,0.589778
-0.061011527,-0.792327,1.8961151,0.0420405,1.9354727,0.6674382
-0.02911697,-0.78633654,1.9078685,-0.02843389,2.0056863,0.68311703
-0.001288707,-0.77255857,1.8990028,-0.047989286,2.0691333,0.72785515
0.04782617,-0.7525747,1.9088658,-0.17517543,2.2082007,0.72694445
0.035771146,-0.77295464,1.9621023,-0.2989927,2.185203,0.61869437
-0.0013503425,-0.80176073,2.0090125,-0.3568966,2.0902188,0.51462674
-0.045276415,-0.8209149,2.0066452,-0.2726925,1.9801561,0.47575384
-0.083450094,-0.8417589,2.041286,-0.31912643,1.8948102,0.36789212
-0.10838324,-0.8434136,2.0101795,-0.202085,1.8451302,0.37257767
-0.15900621,-0.8590609,2.0210135,-0.18677634,1.741609,0.24574468
-0.18617266,-0.8504246,1.9762409,-0.049626306,1.6781077,0.19604309
-0.23871663,-0.8517815,1.9698828,-0.0032081176,1.5480844,-0.046280056
-0.32729965,-0.84255064,1.9701242,0.02090988,1.333563,-0.48188594
-0.3522297,-0.8217715,1.929032,0.11668639,1.295127,-0.64543587
-0.3501771,-0.7995442,1.878037,0.22866938,1.3201325,-0.743201
-0.34992057,-0.7818177,1.8393586,0.3053941,1.3397402,-0.8265153
-0.35815582,-0.7405365,1.7562891,0.451981,1.357781,-1.115794
-0.34105238,-0.7201041,1.7094367,0.5236336,1.4180036,-1.2073102
-0.32278463,-0.70235956,1.6683741,0.5771833,1.4783188,-1.8944982
-0.30991173,-0.6895143,1.6392599,0.61127424,1.5196413,-1.8810279
-0.31167126,-0.6817092,1.6212109,0.62673366,1.5187567,-1.8828378
-0.33363745,-0.6757276,1.6120906,0.6354749,1.4564104,-1.9064804
-0.3472433,-0.6492798,1.5628343,0.6939787,1.4078388,-1.7935777
-0.38569054,-0.6504011,1.5885473,0.68379533,1.295777,-1.7571094
-0.398315,-0.6602789,1.616571,0.6530182,1.2604737,-1.6963191
-0.3853545,-0.6858512,1.6563904,0.59304404,1.3037186,-1.5434718
-0.369942,-0.69906354,1.6745573,0.56712705,1.3492736,-1.4432226
-0.42299417,-0.70609,1.7222428,0.49900717,1.1814802,-1.4251018
-0.40782696,-0.7336473,1.7664638,0.42680076,1.2188107,-1.257636
-0.4530029,-0.7160675,1.7688252,0.42006874,1.0801502,-1.3651594
-0.47565582,-0.7325384,1.8270109,0.30534485,0.99666244,-1.2629812
-0.47339645,-0.7515659,1.864225,0.22775209,0.99581206,-1.1636026
-0.42412066,-0.7690556,1.8525436,0.26606786,1.146657,-1.0706115
-0.4240677,-0.78886116,1.897565,0.17254801,1.131302,-0.95994514
-0.40867943,-0.8089584,1.9330181,0.09703464,1.15951,-0.8312767
-0.38359267,-0.85026443,2.029753,-0.13283423,1.1885248,-0.57306075
-0.32443994,-0.87070954,2.0576756,-0.20555647,1.3214402,-0.35355487
-0.28860432,-0.8864513,2.1213424,-0.39409268,1.4055933,-0.18173613
-0.41356692,-0.8615211,2.1613824,-0.52783805,1.0792059,-0.43078196
-0.45286107,-0.83272433,2.059079,-0.239762,0.99986297,-0.6852232
-0.4752784,-0.80236584,1.9925562,-0.073767275,0.9536456,-0.86976993
-0.49540794,-0.76814026,1.9324304,0.06439233,0.9070436,-1.0466807
-0.5361737,-0.7152832,1.8820887,0.15732288,0.7720352,-1.2328497
-0.54433686,-0.6865456,1.8404454,0.25522688,0.7460958,-1.3522502
-0.51976895,-0.75862384,2.2535555,-3.1390874,-0.8480917,1.6814547
-0.54475963,-0.74873465,2.2259655,-3.0253375,-0.74856263,1.5398322
-0.53587663,-0.76961595,2.192404,-2.9017315,-0.7838178,1.4414617
-0.5122448,-0.7935533,2.161607,-2.8207526,-0.87294275,1.388206
-0.46998376,-0.8192128,2.1330528,-2.7799945,-1.0227249,1.3718934
-0.44654486,-0.82641816,2.0817096,-2.6741402,-1.0924457,1.2496532
-0.42033035,-0.83080554,2.054975,-2.6427462,-1.170723,1.1955872
-0.3955619,-0.8327905,2.0338771,-2.6252415,-1.2438334,1.139749
-0.3680187,-0.83246017,2.0140023,-2.6189184,-1.3206891,1.0739037
-0.41014934,-0.81684136,1.969083,-2.4585924,-1.1725731,0.9612127
-0.38718396,-0.80767995,1.9164388,-2.3729975,-1.2199197,0.82654846
-0.38984776,-0.77948743,1.8322108,-2.1708794,-1.1807321,0.66360337
-0.35728592,-0.7778708,1.8086617,-2.1710336,-1.2611736,0.58574575
-0.42850906,-0.79017,1.8944927,-2.2463012,-1.0885719,0.79252136
-0.45826688,-0.79865485,1.9593277,-2.3501692,-1.0137614,0.9219693
-0.45243728,-0.8239793,2.1837003,-2.9282331,-1.0882301,1.565874
-0.30366623,-0.844567,2.0868156,-2.8106384,-1.5373533,1.2669641
-0.28875315,-0.84125245,2.0779815,-2.8097107,-1.5627,1.2820363
-0.29577607,-0.83905846,2.0680273,-2.7980602,-1.5597464,1.275002
-0.28868073,-0.8341932,2.0479753,-2.7767062,-1.5613936,1.282106
-0.2625591,-0.8263213,2.016294,-2.7421234,-1.5613934,1.3082579
-0.23918404,-0.82988983,2.0311089,-2.7593882,-1.5681306,1.331628
-0.22004382,-0.8327278,2.0428236,-2.7724946,-1.5713916,1.3507602
-0.21431924,-0.83493125,2.051752,-2.7819996,-1.5711622,1.3564805
-0.21312216,-0.83923924,2.0713778,-2.8054504,-1.5794266,1.3576661
-0.18081903,-0.8318356,2.0574493,-2.8091128,-1.6601044,1.389247
-0.18627161,-0.828089,2.037081,-2.782595,-1.6402183,1.3840793
-0.1683242,-0.8214763,2.020447,-2.7737422,-1.6842501,1.4013921
-0.15741982,-0.813204,1.9957184,-2.7524686,-1.7085749,1.4118985
-0.17047937,-0.81024814,1.9734302,-2.7202456,-1.6669854,1.3995947
-0.1851521,-0.8087839,1.9600732,-2.6970441,-1.622484,1.385503
-0.18210165,-0.80126464,1.9337558,-2.6701634,-1.6239748,1.3885982
-0.18589059,-0.7961009,1.9137815,-2.64628,-1.6077342,1.3849968
-0.20415884,-0.80248713,1.931088,-2.6557553,-1.5717529,1.3668282
-0.21298599,-0.80667067,1.9451658,-2.669374,-1.5682845,1.3579698
-0.22343999,-0.80700105,1.9458448,-2.6690774,-1.5640141,1.3475156
-0.22678488,-0.8113425,1.9611297,-2.6848261,-1.564168,1.3441347
-0.22383468,-0.81663567,1.9807283,-2.7061949,-1.5685021,1.347047
-0.21452643,-0.81613886,1.9791181,-2.7049003,-1.5704414,1.3563561
-0.21202458,-0.8202858,1.9946289,-2.7214997,-1.5722816,1.3588306
-0.2009951,-0.8143115,1.9740034,-2.7023342,-1.5821807,1.3698789
-0.21054196,-0.8111544,1.9612324,-2.6864777,-1.5709836,1.3603755
-0.22038381,-0.80062634,1.9238238,-2.64636,-1.5628136,1.3506296
-0.21090813,-0.79828095,1.9163368,-2.6397521,-1.5668914,1.360125
-0.19928159,-0.7921391,1.8766947,-2.550756,-1.5743306,1.3725886
-0.2179634,-0.7938538,1.8763222,-2.5341597,-1.5580922,1.3542421
-0.23267771,-0.79744095,1.8902133,-2.5546875,-1.5448726,1.3392235
-0.24621575,-0.80372965,1.9256927,-2.6280942,-1.5438992,1.3248862
-0.23754336,-0.8069526,1.9448173,-2.6661344,-1.5564876,1.3334028
-0.24887095,-0.8118241,1.9615324,-2.682453,-1.5535277,1.3220228
-0.26261434,-0.8125598,1.9628466,-2.6808658,-1.5435902,1.3082182
-0.27352652,-0.81766045,1.9805644,-2.697864,-1.5395077,1.2972276
-0.2820447,-0.81315535,1.9407142,-2.5988877,-1.4991606,1.2888372
-0.27453136,-0.80792767,1.9176279,-2.5598805,-1.4974356,1.2968137
-0.26832578,-0.8005682,1.881321,-2.4831069,-1.489248,0.4467174
-0.25868928,-0.79266375,1.8469623,-2.4116833,-1.4924676,0.34650457
-0.2330867,-0.7791432,1.7967303,-2.313243,-1.5245543,0.16230595
-0.21589336,-0.7666184,1.7548745,-2.2242875,-1.5471576,0.06784453
-0.19979367,-0.7578038,1.7283624,-2.1700914,-1.5778434,-0.018098962
-0.21409814,-0.71665233,1.6236354,-1.9190985,-1.5464847,0.03886803
-0.2507868,-0.7464878,1.697428,-2.0566835,-1.4750535,0.18826702
-0.27176127,-0.686767,1.571379,-1.7545909,-1.4152807,0.18156467
-0.30831286,-0.615745,1.4598613,-1.4726351,-1.3183877,0.1795658
-0.30643556,-0.5861041,1.4194418,-1.4105085,-1.3219764,0.15899463
-0.30910763,-0.56812996,1.4085684,-1.4220768,-1.3202406,0.16160363
-0.3108307,-0.5591155,1.4033331,-1.4283047,-1.3184474,0.16356976
-0.29401207,-0.5734975,1.4000096,-1.401692,-1.3513696,0.14019005
-0.26963556,-0.6499535,1.6940603,-2.3107455,-1.4791291,0.28375134
-0.27585337,-0.65729594,1.7317259,-2.4119692,-1.4910157,0.32365143
-0.31986618,-0.60318035,1.553634,-1.8623266,-1.3373578,0.29028326
-0.35735708,-0.592306,1.5435506,-1.7693192,-1.2484413,0.32613516
-0.35580802,-0.63822806,1.6535766,-2.0401576,-1.2924658,0.4246753
-0.35255378,-0.6641318,1.7358495,-2.2553084,-1.3381993,0.5144778
-0.35912043,-0.67608374,1.7854972,-2.3755283,-1.3522933,0.60351324
-0.41552433,-0.62733424,1.654537,-1.9108508,-1.135663,0.47456017
-0.44575214,-0.5960535,1.6019056,-1.6833085,-1.0281435,0.39373896
-0.35152042,-0.6091701,1.4826014,-1.4716573,-1.2150822,0.23303922
-0.3538225,-0.6452782,1.5341383,-1.5576389,-1.2112452,0.2712081
-0.3262886,-0.6306169,1.4935732,-1.5168144,-1.276287,0.21887372
-0.27291098,-0.5728069,1.4721258,-1.7397515,-1.4250115,0.16080731
-0.26437953,-0.50035816,1.3212957,-1.4003695,-1.4308002,0.091056034
-0.2535987,-0.49651703,1.3180676,-1.4199901,-1.4554341,0.07832465
-0.31629673,-0.5171779,1.3774279,-1.4618281,-1.3188916,0.16945755
-0.18236049,-0.7831697,1.8281391,-2.4331095,-1.615985,-0.23984906
-0.14413632,-0.78468907,1.8832814,-2.6051967,-1.7266221,-1.1781197
-0.14895281,-0.7912713,1.9174259,-2.671573,-1.7154725,-1.3965181
-0.15445429,-0.7984599,1.9392186,-2.6917515,-1.7042061,1.4150729
-0.1904387,-0.8175437,1.9912362,-2.7283554,-1.616459,1.3802143
-0.21081403,-0.82717526,2.0207918,-2.7489684,-1.571748,1.3600073
-0.15258108,-0.8217776,2.0403852,-2.8061666,-1.7320889,-1.6748091
-0.14987043,-0.8251226,2.0604727,-2.8306487,-1.743722,-1.7122741
-0.14978947,-0.829282,2.0822072,-2.855912,-1.7489376,-1.7505592
-0.1539423,-0.8355297,2.1104417,-2.886875,-1.7447357,-1.8044534
-0.2944087,-0.8609413,2.2326698,-3.0240521,-1.4923635,1.2769943
-0.3206626,-0.8565511,2.2274837,-3.0284696,-1.4480177,2.188228
-0.5062216,-0.8059027,2.0723631,-0.32812592,0.83297247,-0.7425857
-0.53403753,-0.78260565,2.0839484,-0.40176487,0.7430482,-0.74763507
-0.5633627,-0.73618996,1.9989688,-0.19411328,0.646714,-0.9681683
-0.58642805,-0.64672774,1.8573581,0.1760487,0.5635067,-1.3539739
-0.5864858,-0.61782753,1.8081203,0.31331196,0.5569631,-1.4916878
-0.5925977,-0.5971669,1.7965206,0.33961543,0.55501,-1.5333529
-0.3792751,-0.7042624,1.9114542,0.18021366,1.3815027,-0.79259825
-0.084058836,-0.7771022,1.8476946,0.18427269,1.885188,0.7576718
-0.045833956,-0.7561963,1.8218144,0.2008724,1.9497908,0.86697423
-0.016638355,-0.7292754,1.7803819,0.25475895,1.9985553,0.99160135
0.022233238,-0.7082994,1.7626078,0.23666024,2.089302,1.0453187
0.049688257,-0.69116384,1.7502934,0.22052169,2.1638155,1.0786159
0.08663483,-0.6612345,1.725618,0.2007194,2.2851453,1.1218814
0.108301066,-0.6152096,1.6564988,0.30855832,2.354929,1.2628565
0.12725143,-0.62687874,1.7165753,0.12268246,2.4485211,1.1176509
0.11383324,-0.6694769,1.7905937,-0.029155502,2.411423,0.96224624
0.11404967,-0.6676491,1.8009812,-0.052842766,2.3990986,0.9438319
0.11603934,-0.6612149,1.8065089,-0.06795151,2.3883188,0.9354668
0.09840108,-0.6999918,1.8598717,-0.16863665,2.3560853,0.8239376
0.08481741,-0.7098893,1.921484,-0.29355714,2.2888854,0.71058625
0.08538628,-0.703737,1.9274315,-0.30842832,2.27803,0.7015506
0.096856445,-0.68603474,1.9024128,-0.26448798,2.299204,0.7516093
0.106329836,-0.6676752,1.8797215,-0.22469375,2.3132396,0.7973635
0.08489748,-0.6806079,1.9016234,-0.21812686,2.2282357,0.7638433
0.017871033,-0.7054568,1.9047356,-0.07591232,1.9987825,0.713061
-0.004794329,-0.6563687,1.7673198,0.26669195,1.8354031,0.92865616
0.017116232,-0.625641,1.6974809,0.3597842,1.8598218,1.1139964
0.040131655,-0.6082266,1.6649264,0.38781497,1.9279814,1.2224903
0.003200504,-0.5964043,1.6263739,0.4871635,1.7624809,1.2959816
0.09593299,-0.56745046,1.6111015,0.40994927,2.1389663,1.3553886
0.12327307,-0.52901804,1.5630391,0.4653347,2.262463,1.4590654
0.15281723,-0.532046,1.6090137,0.3190516,2.4445298,1.3444422
0.1436461,-0.5526255,1.6431926,0.26625735,2.3869648,1.2809266
0.14773236,-0.5610461,1.6598577,0.21586013,2.4342413,1.2389984
0.14550906,-0.5624479,1.6471303,0.25019363,2.4468307,1.2675171
0.14515583,-0.57763016,1.6980666,0.1341596,2.4186544,1.1593804
0.064834386,-0.6466842,1.7735248,0.14719737,2.07815,1.0090628
0.069677144,-0.71331835,1.8283799,-0.0096975425,2.2572176,0.90067655
0.028522419,-0.6712274,1.6869948,0.37931573,2.0791278,1.2210186
0.008349706,-0.6871388,1.706384,0.37073874,2.0307925,1.1801734
0.024175527,-0.65240276,1.643519,0.46119413,2.0497503,1.3180099
0.06256905,-0.6186438,1.6078904,0.4779485,2.1623054,1.386452
0.060081385,-0.6471851,1.6647754,0.37867752,2.168438,1.2671338
0.09431732,-0.58360076,1.574829,0.49841863,2.2787545,1.4463768
0.0637431,-0.5869595,1.5454888,0.58002836,2.1563196,1.512506
0.06430437,-0.57197416,1.5164648,0.62328935,2.1568928,1.565343
0.06176017,-0.54987794,1.4722531,0.69419086,2.1478512,1.6545538
0.06240399,-0.5250047,1.4280636,0.7624067,2.154632,1.7413796
0.042076528,-0.5212042,1.3990138,0.8029554,2.0937061,1.788388
-0.015077519,-0.5145461,1.4137273,0.6818985,1.6124133,-1.585886
0.05604095,-0.4773344,1.3860424,0.7502302,1.9674281,1.7956809
0.05651893,-0.49752963,1.425672,0.6952762,1.96133,1.7082828
0.036480736,-0.53088915,1.4833279,0.62908113,1.8684977,1.6073399
0.11038197,-0.49724367,1.4418039,0.73172563,2.3458266,1.7209746
0.07322267,-0.44136325,1.3329785,0.82353264,2.0591278,1.8712564
0.055700827,-0.38419026,1.219663,0.9884621,2.0312853,2.0979679
0.055205114,-0.31306455,1.1088568,1.3462133,2.2224684,2.3851326
