time,shoulder_pan_joint,shoulder_lift_joint,elbow_joint,wrist_1_joint,wrist_2_joint,wrist_3_joint
0.0,-0.29179911289224286,-0.7415065322394719,2.1406246144870744,-0.8566178838260212,1.3190098319680734,-0.1490724192971673
1.0,-0.28401766090375613,-0.7393669989460809,2.1404085690381955,-0.8595597102510836,1.3256760821955935,-0.1449312625059294
2.0,-0.2654075233319156,-0.7373872203520023,2.140211211681319,-0.8636559597768323,1.3416351819934522,-0.1350824002637858
3.0,-0.25220375189072103,-0.7420180764709978,2.1409945400187085,-0.8613472975142196,1.3529710751386637,-0.12813936708850887
4.0,-0.24450861277763705,-0.7443245502510607,2.1412803793727107,-0.8601846152118395,1.3595823233157174,-0.12410914307543104
5.0,-0.23546124141991467,-0.744131002388298,2.1409898489296437,-0.8610600184894479,1.3673595742836702,-0.11938527361887502
6.0,-0.22890612396799465,-0.7383501137036418,2.13965578293707,-0.8661869906162791,1.3729972082167536,-0.11597216883052783
7.0,-0.2120221066170469,-0.7405927753222267,2.1392559258356276,-0.8652028053583307,1.3875282060974095,-0.10721594141063437
8.0,-0.19409059449712393,-0.7374356817629466,2.1374401399795913,-0.8681592862039307,1.4029756523204804,-0.09796791608451255
9.0,-0.18644572080720467,-0.7435031020440018,2.1379716023815716,-0.8632665954506358,1.409565816608791,-0.0940401102315549
10.0,-0.17515353832640665,-0.7361163057171279,2.1355374139987453,-0.8691203642565846,1.4193045277872636,-0.08825363619605531
11.0,-0.16596737145180718,-0.741559264236508,2.135642786919311,-0.8644728561382444,1.4272306382347062,-0.0835590903652493
12.0,-0.08402740652113097,-0.7333843364904638,2.115005377554551,-0.8553443669450203,1.6668882931807572,0.05567887790517565
13.0,-0.08209048358051706,-0.7409915466759609,2.1156746049560042,-0.848311803154814,1.6685630823139885,0.05665649768319693
14.0,-0.026948446223794692,-0.7245155350696288,2.080806437703087,-0.8092528385740205,1.850116845597518,0.16636121418563765
15.0,0.09912522255085443,-0.6591258158656653,1.8850221352477396,-0.4408646611984075,2.3558278103487456,0.6149613415592412
16.0,0.0991252213716507,-0.659125804901123,1.8850221633911133,-0.4408646523952484,2.355827808380127,0.6149613261222839
17.0,0.09937964379787445,-0.6637523174285889,1.8810851573944092,-0.4333803951740265,2.35771107673645,0.6224963068962097
18.0,0.09990682452917099,-0.6683233976364136,1.8741041421890259,-0.4181442856788635,2.3613080978393555,0.6380528211593628
19.0,0.10069018602371216,-0.6709612011909485,1.8647137880325317,-0.39573314785957336,2.3663995265960693,0.6611188054084778
20.0,0.10170873254537582,-0.6715267896652222,1.8531805276870728,-0.3667503595352173,2.3728444576263428,0.6910795569419861
21.0,0.10294059664011002,-0.6701193451881409,1.8397194147109985,-0.33180007338523865,2.3805136680603027,0.7273088097572327
22.0,0.10436388105154037,-0.666865348815918,1.8245383501052856,-0.2914859354496002,2.3892786502838135,0.7691793441772461
23.0,0.10595705360174179,-0.6618949174880981,1.8078444004058838,-0.24641171097755432,2.399012327194214,0.8160635828971863
24.0,0.10769909620285034,-0.6553398370742798,1.7898447513580322,-0.19718238711357117,2.4095864295959473,0.8673341274261475
25.0,0.10956922173500061,-0.6473320722579956,1.770747184753418,-0.14440301060676575,2.4208731651306152,0.9223634600639343
26.0,0.11154674738645554,-0.6380034685134888,1.7507615089416504,-0.08867738395929337,2.4327449798583984,0.9805242419242859
27.0,0.11361092329025269,-0.6274850964546204,1.7300962209701538,-0.03060794435441494,2.4450738430023193,1.0411890745162964
28.0,0.11574094742536545,-0.6159069538116455,1.7089593410491943,0.029203005135059357,2.4577324390411377,1.1037304401397705
29.0,0.117915578186512,-0.6033998131752014,1.6875567436218262,0.09015179425477982,2.470592498779297,1.1675207614898682
30.0,0.12011291831731796,-0.5900959968566895,1.6660975217819214,0.15163303911685944,2.483525276184082,1.231932282447815
31.0,0.12231067568063736,-0.5761273503303528,1.6447876691818237,0.2130402773618698,2.496403217315674,1.2963370084762573
32.0,0.12448665499687195,-0.5616239309310913,1.6238343715667725,0.2737669050693512,2.5090982913970947,1.3601067066192627
33.0,0.126619353890419,-0.5467132925987244,1.6034438610076904,0.3332071900367737,2.521482467651367,1.4226139783859253
34.0,0.12868745625019073,-0.5315216779708862,1.5838229656219482,0.3907563090324402,2.533428192138672,1.483230710029602
35.0,0.13066938519477844,-0.5161759853363037,1.5651780366897583,0.44580966234207153,2.5448074340820312,1.5413291454315186
36.0,0.1325433850288391,-0.5008035898208618,1.547715663909912,0.4977633059024811,2.555492639541626,1.5962822437286377
37.0,0.13428816199302673,-0.48553210496902466,1.5316411256790161,0.5460138916969299,2.565356969833374,1.6474629640579224
38.0,0.13588319718837738,-0.4704885482788086,1.5171595811843872,0.589959442615509,2.574273109436035,1.694244623184204
39.0,0.13730818033218384,-0.45580044388771057,1.5044775009155273,0.6289981603622437,2.5821139812469482,1.736000895500183
40.0,0.13854235410690308,-0.4415963888168335,1.4938030242919922,0.6625272035598755,2.5887513160705566,1.7721045017242432
41.0,0.13956411182880402,-0.4280086159706116,1.4853427410125732,0.6899434328079224,2.594057559967041,1.801928162574768
42.0,0.1403513252735138,-0.4151947498321533,1.4792982339859009,0.7106496691703796,2.5979065895080566,1.824846863746643
43.0,0.14088208973407745,-0.40353381633758545,1.4758217334747314,0.7240985035896301,2.6001977920532227,1.8402504920959473
44.0,0.1411386877298355,-0.3950362801551819,1.474698543548584,0.7301260232925415,2.601019859313965,1.847664713859558
45.0,0.1411386877298355,-0.3950362801551819,1.474698543548584,0.7301260232925415,2.601019859313965,1.847664713859558
46.0,0.1411386877298355,-0.3950362801551819,1.474698543548584,0.7301260232925415,2.601019859313965,1.847664713859558
47.0,0.14018942562192413,-0.3909539235755762,1.4625982219326457,0.7366067378801306,2.601243942521338,1.8458718714471292
48.0,0.13902527216380461,-0.3871777089625665,1.4480925753467073,0.7454490418403392,2.601516718219299,1.843671394643852
49.0,0.13834133013326705,-0.3874995246139942,1.440669616434171,0.7520841833275504,2.6016759778669574,1.8423776796505116
50.0,0.13700374019691863,-0.3743798605082202,1.4190927900377495,0.7583692247496798,2.6019853082695437,1.839845571919471
51.0,0.1361077665984598,-0.3717650581239882,1.4074421713456582,0.7659485885189445,2.6021909287791676,1.8381480023087933
52.0,0.13552445923252587,-0.37469872773004037,1.402058611824203,0.7733169878738329,2.6023241113753675,1.8370422049867623
53.0,0.13516333133842268,-0.36767183848051427,1.3942773523479124,0.7734836846050097,2.602406295106549,1.8363573551527477
54.0,0.13432947465249154,-0.3638361918211045,1.3823506598815165,0.7802170464604414,2.6025952703204203,1.8347752961149528
55.0,0.13426744722057388,-0.3704634451340387,1.3849171834618739,0.7841767166368614,2.602609283397974,1.8346575428306773
56.0,0.1333194089570038,-0.3591022136573944,1.3676090188037882,0.7885787715203691,2.602822701730091,1.8328575842910435
57.0,0.13283839771622888,-0.3631054145716919,1.363652561656232,0.7957540869026445,2.6029304390088486,1.8319438240005699
58.0,0.13191630507835578,-0.3563960719181746,1.3486301799446296,0.8025626209968804,2.603135941511235,1.830191237797503
59.0,0.13123056963875257,-0.35643447260396915,1.3398364763425623,0.8102750764896588,2.60328789091888,1.8288871067678019
60.0,0.13030139724989281,-0.35141032021815766,1.3251295310130193,0.8184396882506135,2.6034925873724952,1.8271189660728135
61.0,0.13030140101909637,-0.3514103293418884,1.325129508972168,0.8184396624565125,2.603492498397827,1.827118992805481
62.0,0.1296459138393402,-0.36494961380958557,1.323032021522522,0.8055481314659119,2.576359510421753,1.8144564628601074
63.0,0.1282954066991806,-0.3817529082298279,1.3214941024780273,0.777217447757721,2.519155502319336,1.7881327867507935
64.0,0.12629957497119904,-0.3999444842338562,1.3209409713745117,0.7341840267181396,2.433593273162842,1.7489680051803589
65.0,0.1237144023180008,-0.41895824670791626,1.321461796760559,0.6775950193405151,2.3219447135925293,1.6979840993881226
66.0,0.1205991804599762,-0.4383625090122223,1.3230922222137451,0.6086511015892029,2.1865508556365967,1.636225938796997
67.0,0.11701321601867676,-0.4577310383319855,1.3258634805679321,0.5285642743110657,2.029783248901367,1.564768671989441
68.0,0.11301779001951218,-0.47664791345596313,1.329773187637329,0.43855810165405273,1.8540183305740356,1.4846959114074707
69.0,0.10866748541593552,-0.49475860595703125,1.3348032236099243,0.339855432510376,1.6616376638412476,1.3970847129821777
70.0,0.1040138304233551,-0.5119231343269348,1.3408691883087158,0.23369620740413666,1.455020546913147,1.302998661994934
71.0,0.09910210222005844,-0.5280486345291138,1.347904086112976,0.1213248074054718,1.2365504503250122,1.2034893035888672
72.0,0.09397495537996292,-0.5430454611778259,1.3558404445648193,0.00399075448513031,1.0085885524749756,1.099621057510376
73.0,0.08867061138153076,-0.5568381547927856,1.364604115486145,-0.11706491559743881,0.7734909057617188,0.9924569129943848
74.0,0.08322601765394211,-0.5693627595901489,1.3740957975387573,-0.2406168133020401,0.5335917472839355,0.8830811381340027
75.0,0.07767758518457413,-0.5805606245994568,1.384213924407959,-0.36544883251190186,0.29124715924263,0.7725587487220764
76.0,0.07206493616104126,-0.5903515219688416,1.3948525190353394,-0.4903429448604584,0.04880881682038307,0.6619609594345093
77.0,0.06643185019493103,-0.5986356139183044,1.4058983325958252,-0.6140726208686829,-0.19135494530200958,0.552352249622345
78.0,0.0608314573764801,-0.605306088924408,1.417224407196045,-0.735406756401062,-0.42687636613845825,0.44481703639030457
79.0,0.05532321333885193,-0.6102744936943054,1.4286991357803345,-0.8531145453453064,-0.6553564071655273,0.34045901894569397
80.0,0.04997365549206734,-0.613463282585144,1.4402060508728027,-0.9659603834152222,-0.8743931651115417,0.24038445949554443
81.0,0.04484826698899269,-0.614811897277832,1.4516398906707764,-1.0727132558822632,-1.0815703868865967,0.1456892341375351
82.0,0.04001503437757492,-0.6142699718475342,1.46290922164917,-1.172137975692749,-1.2745074033737183,0.0574563704431057
83.0,0.035541508346796036,-0.6118121147155762,1.4739081859588623,-1.2630176544189453,-1.4508248567581177,-0.023225735872983932
84.0,0.03149975836277008,-0.6074055433273315,1.484534502029419,-1.3441346883773804,-1.6081702709197998,-0.09526700526475906
85.0,0.027961919084191322,-0.6010044813156128,1.4946694374084473,-1.4142814874649048,-1.7441866397857666,-0.15757741034030914
86.0,0.02500247210264206,-0.5925562977790833,1.504205346107483,-1.4722464084625244,-1.856523871421814,-0.20908907055854797
87.0,0.02269752323627472,-0.582039475440979,1.5130189657211304,-1.516815185546875,-1.9428285360336304,-0.2487402856349945
88.0,0.02112617716193199,-0.5696398615837097,1.5209287405014038,-1.546796202659607,-2.0007967948913574,-0.2754874527454376
89.0,0.020358676090836525,-0.5571807026863098,1.5271570682525635,-1.561226725578308,-2.0286056995391846,-0.28845763206481934
90.0,0.020358676090836525,-0.5571807026863098,1.5271570682525635,-1.561226725578308,-2.0286056995391846,-0.28845763206481934
91.0,0.020358676090836525,-0.5571807026863098,1.5271570682525635,-1.561226725578308,-2.0286056995391846,-0.28845763206481934
92.0,-0.04591625938931112,-0.5421613557314562,1.4770017389438115,-1.4712253789962162,-1.7789589738144098,-0.12225359852841114
93.0,-0.07358597305120992,-0.5429019104555737,1.4733996851909703,-1.4581423463959542,-1.6887689018311387,-0.06848276312071201
94.0,-0.08981541456722558,-0.5449316297931375,1.475161481259093,-1.455579237406009,-1.6485525565587809,-0.04499845608394294
95.0,-0.09316260204038453,-0.5494545876787991,1.4767338577159046,-1.4527619590469056,-1.6514482606404313,-0.04668259957995168
96.0,-0.09860124290180204,-0.5492330884293123,1.4774884565150952,-1.4539650229977148,-1.6561528240372694,-0.04942074132492128
97.0,-0.10206860686615246,-0.5450459784770046,1.4769964250984553,-1.4578116335709124,-1.6591518520722606,-0.05116756955182567
98.0,-0.10776657644912013,-0.5453507020762884,1.4778038377779266,-1.4585748546996453,-1.6640796112539473,-0.054040189049562794
99.0,-0.11243152733130173,-0.5496036344940406,1.4793457224733293,-1.4560877849024463,-1.6681134193196197,-0.05639398055090969
100.0,-0.1169048066244902,-0.547746160454174,1.4794057149132747,-1.458229073911153,-1.671980984627379,-0.058652801165486726
101.0,-0.12609060278974504,-0.5448001463970846,1.4795855607832722,-1.4618423871307322,-1.6799213273082592,-0.06329688753112711
102.0,-0.13068183292178856,-0.5453332905082181,1.4800830545454946,-1.46206444497694,-1.6838891911367422,-0.06562108048288441
103.0,-0.12675088087794895,-0.5505064496708739,1.480972003823678,-1.4575590104908043,-1.6804919937723592,-0.06363101030760142
104.0,-0.13891982595488167,-0.5507029057408547,1.4818908862899232,-1.4589887019545889,-1.6910071505092428,-0.06979666610519744
105.0,-0.14143083029775763,-0.5460328604771792,1.4809471985762073,-1.462869178469024,-1.6931763522796135,-0.07107081488493563
106.0,-0.14627278136584118,-0.5447404961571514,1.4808767232999909,-1.464396338117428,-1.697358649158035,-0.07352969340072249
107.0,-0.14812546032844112,-0.5495161483004773,1.4820757182882158,-1.4609392725528916,-1.6989587251511664,-0.07447122340782376
108.0,-0.15231899970821008,-0.5454201853817875,1.4812660055570022,-1.4645019235527428,-1.702580080135634,-0.07660381906505928
109.0,-0.15676659643071886,-0.547303586918765,1.481829832433214,-1.4634841584253042,-1.7064201794407587,-0.07886785321040757
110.0,-0.16358631807862334,-0.5512814345424244,1.4828526907998105,-1.4610093700620284,-1.712307052835274,-0.08234405423197545
111.0,-0.17176212493556528,-0.546308198768752,1.4816930372239674,-1.4654263388458713,-1.71936228271337,-0.08651918070851822
112.0,-0.17714104363407146,-0.5446984892707607,1.4812309015433063,-1.4669875240521706,-1.724002579598267,-0.08927081676626496
113.0,-0.18361865544608375,-0.5496512203705708,1.4822174519457734,-1.4635370001159282,-1.7295891782302468,-0.09258974782921568
114.0,-0.19111574467498849,-0.5510129921146041,1.4822143699818728,-1.4627930643933285,-1.736052867063977,-0.09643847360945401
115.0,-0.19511261107325573,-0.5438223161383556,1.4803142415307868,-1.468425144539654,-1.739497826593266,-0.09849367025967931
116.0,-0.1993733866986608,-0.5454524761849822,1.4804354389116252,-1.4672884575586078,-1.7431694822952484,-0.10068724021285858
117.0,-0.20726321833888567,-0.5499960331011277,1.4808956672264202,-1.4639167357569922,-1.749966255734616,-0.10475660925097059
118.0,-0.2109705124396451,-0.5458469077851411,1.4796025496515972,-1.4671171306147788,-1.7531589429059884,-0.10667217306408786
119.0,-0.21930941567165024,-0.5492351311681599,1.4795458385535756,-1.464470345695057,-1.7603379153550964,-0.11098920748958023
120.0,-0.22471833159956872,-0.5441755594609465,1.4777329372427357,-1.4682522040518076,-1.7649926180929838,-0.11379572774055698
121.0,-0.2673914778770208,-0.5470979049189783,1.4765706592481036,-1.4542065526990884,-1.6334390725316081,-0.03622210889650236
122.0,-0.2997499145230874,-0.5479206213780325,1.487108558893111,-1.4633544857737069,-1.5264684170959693,0.02561230515077887
123.0,-0.3380945512034056,-0.5629075863371944,1.5167175712797394,-1.4878298057301798,-1.3824911703161513,0.11024470451014474
124.0,-0.4650283385917363,-0.6238061078162875,1.7451431488359554,-1.832444572016919,-0.8727199344794629,0.5056771002228686
125.0,-0.5008686204583368,-0.642508829942905,1.8709160025838518,-2.1054243532232353,-0.708024799961195,0.7401460102285483
126.0,-0.5046299885298763,-0.6421507861678268,1.8819020100465975,-2.1134033879079945,-0.7104348640421194,0.7357117329861818
127.0,-0.5076460024667474,-0.6486372033041199,1.892246717721217,-2.1145821079186407,-0.7123743369200595,0.7321740950038759
128.0,-0.5119944583275885,-0.6520810890499021,1.9054696975567145,-2.120526847621951,-0.7151814829025279,0.7271014952038313
129.0,-0.5159140610880423,-0.651786405297319,1.9163341712699737,-2.1282589944262433,-0.7177226330407065,0.7225572415501497
130.0,-0.5210016896314756,-0.6529903525056708,1.930523515914748,-2.1368371288931622,-0.7210361884856575,0.7166982080808667
131.0,-0.5237375617648914,-0.6571257728537159,1.9388831722406359,-2.138710379666961,-0.7228250532265469,0.7135657824174352
132.0,-0.5251970674054718,-0.6639020130093467,1.9444070179896988,-2.136209218850935,-0.7237813441801286,0.7118999246808843
133.0,-0.5272054894558108,-0.6603290014257219,1.9488395191403518,-2.1425024441519502,-0.725099538988902,0.709613431740172
134.0,-0.5297796338062,-0.6593981651879468,1.9553239826928273,-2.1477335067510523,-0.7267928174766068,0.7066928291976127
135.0,-0.5322896849773233,-0.6671202109160764,1.963677393373077,-2.146246181869681,-0.7284479988519121,0.7038556513458075
136.0,-0.5340610091758488,-0.6630160640569013,1.9672081684546918,-2.1523925683332745,-0.7296184472250975,0.7018598111588504
137.0,-0.5379790997473551,-0.672904595503684,1.9794770272319504,-2.151499655388853,-0.7322144258595881,0.697463627687259
138.0,-0.5379791259765625,-0.6729046106338501,1.979477047920227,-2.1514997482299805,-0.7322144508361816,0.6974636316299438
139.0,-0.5382247567176819,-0.6806797981262207,1.9761260747909546,-2.1383016109466553,-0.7240742444992065,0.6854483485221863
140.0,-0.5387319922447205,-0.6890707015991211,1.971328854560852,-2.1104824542999268,-0.7077084183692932,0.6604923009872437
141.0,-0.5394837856292725,-0.6962547898292542,1.9656676054000854,-2.0688388347625732,-0.6837368011474609,0.6233843564987183
142.0,-0.5404590964317322,-0.7020513415336609,1.9592859745025635,-2.0144879817962646,-0.6527907252311707,0.5751153826713562
143.0,-0.5416358113288879,-0.7064869999885559,1.9522666931152344,-1.9485787153244019,-0.6155017614364624,0.516696572303772
144.0,-0.5429914593696594,-0.709611177444458,1.9446895122528076,-1.8722641468048096,-0.5725013613700867,0.4491399824619293
145.0,-0.5445036888122559,-0.7114766836166382,1.9366322755813599,-1.786694884300232,-0.5244222283363342,0.37345486879348755
146.0,-0.5461500883102417,-0.7121371626853943,1.9281748533248901,-1.693027377128601,-0.471895694732666,0.2906513512134552
147.0,-0.5479097366333008,-0.7116489410400391,1.9193965196609497,-1.5924161672592163,-0.4155530333518982,0.20173890888690948
148.0,-0.5497615337371826,-0.7100682258605957,1.910372257232666,-1.4860178232192993,-0.35602590441703796,0.10773028433322906
149.0,-0.5516847372055054,-0.70744788646698,1.90118408203125,-1.3749836683273315,-0.2939450442790985,0.009637570939958096
150.0,-0.5536582469940186,-0.7038421630859375,1.8919099569320679,-1.2604695558547974,-0.22994175553321838,-0.09152428805828094
151.0,-0.555661678314209,-0.6993019580841064,1.8826289176940918,-1.1436327695846558,-0.16464731097221375,-0.19474004209041595
152.0,-0.5576733946800232,-0.6938768029212952,1.873421311378479,-1.0256327390670776,-0.09869372844696045,-0.29899346828460693
153.0,-0.5596714615821838,-0.6876131892204285,1.8643665313720703,-0.9076332449913025,-0.03271087631583214,-0.40326765179634094
154.0,-0.5616363883018494,-0.6805527210235596,1.8555469512939453,-0.7908064723014832,0.03267113119363785,-0.5065462589263916
155.0,-0.5635498762130737,-0.6727430820465088,1.8470417261123657,-0.6763238906860352,0.09682192653417587,-0.6078106760978699
156.0,-0.5653939843177795,-0.6642351746559143,1.8389317989349365,-0.5653574466705322,0.15910972654819489,-0.7060441970825195
157.0,-0.5671509504318237,-0.6550876498222351,1.831299066543579,-0.45907384157180786,0.218901589512825,-0.8002306222915649
158.0,-0.568803608417511,-0.6453585624694824,1.824223518371582,-0.35864126682281494,0.2755661606788635,-0.8893527984619141
159.0,-0.5703351497650146,-0.6351028680801392,1.8177845478057861,-0.26523223519325256,0.3284703493118286,-0.9723955988883972
160.0,-0.5717297792434692,-0.6243681311607361,1.812069058418274,-0.18001879751682281,0.3769811689853668,-1.0483417510986328
161.0,-0.5729707479476929,-0.613204300403595,1.8071643114089966,-0.10417348146438599,0.42046356201171875,-1.1161770820617676
162.0,-0.5740426182746887,-0.6016595959663391,1.8031599521636963,-0.03886660560965538,0.45828285813331604,-1.1748828887939453
163.0,-0.5749291181564331,-0.5897886157035828,1.800142765045166,0.014728227630257607,0.48980382084846497,-1.2234426736831665
164.0,-0.57561194896698,-0.5776786208152771,1.7981886863708496,0.05544033646583557,0.5143904685974121,-1.260837435722351
165.0,-0.5760717988014221,-0.5656884908676147,1.797331690788269,0.08217097818851471,0.5313901305198669,-1.2860665321350098
166.0,-0.5762940049171448,-0.556208610534668,1.7973449230194092,0.09440980106592178,0.540030300617218,-1.2982914447784424
167.0,-0.5762940049171448,-0.556208610534668,1.7973449230194092,0.09440980106592178,0.540030300617218,-1.2982914447784424
168.0,-0.5762940049171448,-0.556208610534668,1.7973449230194092,0.09440980106592178,0.540030300617218,-1.2982914447784424
169.0,-0.5762940049171448,-0.5562087297439575,1.7973451614379883,0.09440980106592178,0.540030300617218,-1.2982914447784424
170.0,-0.5759092569351196,-0.5634607672691345,1.7982213497161865,0.0913122370839119,0.5411974787712097,-1.2936495542526245
171.0,-0.5750918984413147,-0.5728423595428467,1.8006418943405151,0.08388423174619675,0.544257640838623,-1.2841293811798096
172.0,-0.5738391876220703,-0.5821110010147095,1.804726004600525,0.0720180869102478,0.5493206977844238,-1.2701153755187988
173.0,-0.5721675753593445,-0.5911791920661926,1.8102993965148926,0.05606923624873161,0.5562082529067993,-1.2519891262054443
174.0,-0.5700887441635132,-0.6001901626586914,1.8172025680541992,0.03642594441771507,0.5647304654121399,-1.2301214933395386
175.0,-0.567647397518158,-0.6092567443847656,1.8252555131912231,0.013447131961584091,0.5747187733650208,-1.2048442363739014
176.0,-0.5648834109306335,-0.6184574365615845,1.834351897239685,-0.012544792145490646,0.58603435754776,-1.1764554977416992
177.0,-0.5618730783462524,-0.6278676390647888,1.8443702459335327,-0.04126189276576042,0.5985631346702576,-1.1452394723892212
178.0,-0.5586750507354736,-0.6375895142555237,1.8552191257476807,-0.07241969555616379,0.6121904850006104,-1.1114953756332397
179.0,-0.5553581118583679,-0.6476837992668152,1.8667863607406616,-0.10572473704814911,0.6267962455749512,-1.075532078742981
180.0,-0.5519621968269348,-0.6581786870956421,1.8789312839508057,-0.14084242284297943,0.6422223448753357,-1.0377131700515747
181.0,-0.5485140681266785,-0.6689500212669373,1.8915077447891235,-0.17739559710025787,0.6582958698272705,-0.9984379410743713
182.0,-0.5450304746627808,-0.6797679662704468,1.9043352603912354,-0.21495461463928223,0.6748013496398926,-0.9581549167633057
183.0,-0.5415247082710266,-0.6902725100517273,1.9172648191452026,-0.25306466221809387,0.6915353536605835,-0.9173376560211182
184.0,-0.5380339026451111,-0.7000959515571594,1.9301424026489258,-0.2912598252296448,0.7082759737968445,-0.8764714598655701
185.0,-0.5346055030822754,-0.7088935971260071,1.9428552389144897,-0.32908499240875244,0.7248344421386719,-0.8360307812690735
186.0,-0.5313209295272827,-0.7164444923400879,1.955282211303711,-0.36612874269485474,0.7410229444503784,-0.7964598536491394
187.0,-0.5282366275787354,-0.722611665725708,1.9673327207565308,-0.4020056128501892,0.7566764950752258,-0.7581678032875061
188.0,-0.5254333019256592,-0.7273496389389038,1.9788774251937866,-0.4363729655742645,0.7716394066810608,-0.7215392589569092
189.0,-0.5229184627532959,-0.7306141257286072,1.9898210763931274,-0.46889910101890564,0.7857599258422852,-0.6869390606880188
190.0,-0.5207143425941467,-0.7323624491691589,2.000035285949707,-0.499249130487442,0.7989023923873901,-0.6547260284423828
191.0,-0.5187813639640808,-0.7325076460838318,2.009441614151001,-0.5270686745643616,0.8109280467033386,-0.6252922415733337
192.0,-0.51710444688797,-0.7309500575065613,2.017951250076294,-0.5519837737083435,0.8217194080352783,-0.5990167260169983
193.0,-0.5156475901603699,-0.7275842428207397,2.025526762008667,-0.5736069679260254,0.8311458230018616,-0.5763247013092041
194.0,-0.5144230723381042,-0.722318708896637,2.03210186958313,-0.5915566086769104,0.8390902876853943,-0.5576075315475464
195.0,-0.5134411454200745,-0.7151123285293579,2.03763747215271,-0.6054772734642029,0.8454093933105469,-0.543281078338623
196.0,-0.5127531290054321,-0.706260085105896,2.0419938564300537,-0.6150246262550354,0.8499430418014526,-0.5336925983428955
197.0,-0.5124058127403259,-0.6984955668449402,2.0446581840515137,-0.6198094487190247,0.8523732423782349,-0.5291117429733276
198.0,-0.5124058127403259,-0.6984955668449402,2.0446581840515137,-0.6198094487190247,0.8523732423782349,-0.5291117429733276
199.0,-0.5124058127403259,-0.6984955668449402,2.0446581840515137,-0.6198094487190247,0.8523732423782349,-0.5291117429733276
200.0,-0.4304116763098152,-0.7323346972609479,2.1198670122680743,-0.8073343536243358,1.1483612333094837,-0.262521912416258
201.0,-0.39424568315556663,-0.7324814397831279,2.1298124475766294,-0.8385010815068125,1.2316834358244368,-0.2050886876782357
202.0,-0.38727482464595087,-0.7304554751621158,2.1304301554820815,-0.8424348456103905,1.2375962508601837,-0.20117769485096162
203.0,-0.3878576264969884,-0.7396648849972949,2.1321380331976387,-0.8348265207912016,1.2371017253437282,-0.2015040463642206
204.0,-0.3788142976115856,-0.7408222929095987,2.1335961900459064,-0.8367635374161491,1.2447789457886587,-0.19645235962067234
205.0,-0.37510779476685496,-0.7344842057828984,2.13285721571739,-0.8430202599891896,1.2479277736079109,-0.1943894729330529
206.0,-0.3685106792580105,-0.739531922370647,2.134639540439366,-0.8409067181237873,1.2535354474796747,-0.19072850050196138
207.0,-0.36660535451738463,-0.731949504552578,2.133391286324807,-0.8475691351675627,1.2551557503681476,-0.1896736869237825
208.0,-0.3377217434927231,-0.7423337310587361,2.138250399914239,-0.8467812691531589,1.2797575428273484,-0.17381596473964134
209.0,-0.32963935253558896,-0.7390731384131912,2.1382540557206204,-0.8512921290383204,1.286654269383227,-0.1694211534728999
210.0,-0.32125233295934397,-0.735274111840958,2.1380843953627853,-0.8561790926507014,1.2938164070885358,-0.16487940086758732
211.0,-0.3105441558711327,-0.7413084282959207,2.139846806221963,-0.8534601349549638,1.3029685401120865,-0.15910745287027953
212.0,-0.24659716902430937,-0.7340147534273622,2.1393523276555952,-0.8683363185539172,1.3577876153595043,-0.1252018509085722
213.0,-0.24659717082977295,-0.7340147495269775,2.139352321624756,-0.8683363199234009,1.3577876091003418,-0.12520185112953186
214.0,-0.2465183138847351,-0.7468975782394409,2.1367082595825195,-0.8805078864097595,1.341139793395996,-0.1163872703909874
215.0,-0.24630554020404816,-0.7598901987075806,2.1338000297546387,-0.9055526256561279,1.3065775632858276,-0.09816715866327286
216.0,-0.24589723348617554,-0.770905077457428,2.1311264038085938,-0.9428073167800903,1.2548737525939941,-0.07102777063846588
217.0,-0.24524559080600739,-0.7796763181686401,2.1288094520568848,-0.9915933012962341,1.1870044469833374,-0.03553812578320503
218.0,-0.24429833889007568,-0.7862911224365234,2.1271204948425293,-1.0511469841003418,1.1040865182876587,0.007763668894767761
219.0,-0.24302561581134796,-0.7908532619476318,2.1262290477752686,-1.1207973957061768,1.0072804689407349,0.05832888185977936
220.0,-0.24140134453773499,-0.7936350107192993,2.1262569427490234,-1.1996467113494873,0.8978433609008789,0.11556069552898407
221.0,-0.2394445687532425,-0.7948736548423767,2.127112865447998,-1.286769986152649,0.7771174311637878,0.17879430949687958
222.0,-0.23715858161449432,-0.7948863506317139,2.1285853385925293,-1.3810018301010132,0.6465208530426025,0.24720872938632965
223.0,-0.2345983386039734,-0.7939538359642029,2.1303887367248535,-1.481160283088684,0.5075754523277283,0.31994691491127014
224.0,-0.23178227245807648,-0.7923440933227539,2.132262706756592,-1.5859720706939697,0.3618641197681427,0.3960297405719757
225.0,-0.2287699580192566,-0.7902719378471375,2.1341326236724854,-1.6942962408065796,0.21102982759475708,0.4745491147041321
226.0,-0.2255803793668747,-0.7878432869911194,2.1359448432922363,-1.8049274682998657,0.056771114468574524,0.5545517206192017
227.0,-0.22228434681892395,-0.7851118445396423,2.137838840484619,-1.9168277978897095,-0.0992613285779953,0.6352070569992065
228.0,-0.21891678869724274,-0.781996488571167,2.1397762298583984,-2.028791666030884,-0.2553693950176239,0.7156550288200378
229.0,-0.21557703614234924,-0.7784239053726196,2.1417858600616455,-2.139727830886841,-0.40993037819862366,0.795079231262207
230.0,-0.21232616901397705,-0.7743357419967651,2.1436619758605957,-2.2483623027801514,-0.5613070130348206,0.8726230263710022
231.0,-0.2092781960964203,-0.7697842717170715,2.1453323364257812,-2.3535711765289307,-0.707876443862915,0.9474363923072815
232.0,-0.20648597180843353,-0.7649293541908264,2.146639585494995,-2.454167127609253,-0.8480207920074463,1.0186070203781128
233.0,-0.20403680205345154,-0.7600635886192322,2.1475932598114014,-2.549109697341919,-0.980130672454834,1.085304617881775
234.0,-0.20194274187088013,-0.7554501295089722,2.148242712020874,-2.6373162269592285,-1.1025995016098022,1.1466783285140991
235.0,-0.20023588836193085,-0.7513383626937866,2.1486246585845947,-2.7177884578704834,-1.213893175125122,1.2019721269607544
236.0,-0.19889181852340698,-0.7478546500205994,2.148749589920044,-2.789358377456665,-1.312509536743164,1.2505007982254028
237.0,-0.19789673388004303,-0.744994580745697,2.1486220359802246,-2.8509891033172607,-1.3970614671707153,1.2916816473007202
238.0,-0.19720333814620972,-0.7427312731742859,2.1481778621673584,-2.9015302658081055,-1.46626877784729,1.324983835220337
239.0,-0.19677357375621796,-0.7410101294517517,2.147510528564453,-2.9400274753570557,-1.5189330577850342,1.3500540256500244
240.0,-0.19654500484466553,-0.739824116230011,2.146801233291626,-2.965656280517578,-1.5540302991867065,1.3665382862091064
241.0,-0.19646432995796204,-0.739239513874054,2.146317958831787,-2.977874755859375,-1.5707963705062866,1.3743319511413574
242.0,-0.19646432995796204,-0.739239513874054,2.146317958831787,-2.977874755859375,-1.5707963705062866,1.3743319511413574
243.0,-0.19646432995796204,-0.739239513874054,2.146317958831787,-2.977874755859375,-1.5707963705062866,1.3743319511413574
244.0,-0.1918807120761587,-0.7383049177885771,2.140442481424889,-2.9729338906754266,-1.5707963267911322,1.3789156145136343
245.0,-0.18563582132180148,-0.7381604242302664,2.1395464803489843,-2.972182383156574,-1.5707963267913725,1.3851605052679916
246.0,-0.17737936802271048,-0.7367636036990328,2.131043269236214,-2.9650759925733716,-1.5707963267916782,1.3934169585670826
247.0,-0.17919358184044218,-0.7354641602384137,2.1233704798647097,-2.958702646662853,-1.5707963267916123,1.3916027447493509
248.0,-0.18335539592326588,-0.734523849285307,2.1179474534731586,-2.954219931225248,-1.5707963267914584,1.3874409306665272
249.0,-0.18985391874409605,-0.7342529141542159,2.1164037443127834,-2.952947157197274,-1.570796326791211,1.380942407845697
250.0,-0.19567387627543062,-0.735527912492001,2.123741954658785,-2.959010369206662,-1.5707963267909824,1.3751224503143624
251.0,-0.1993131114392966,-0.7345923494432245,2.118339053203414,-2.9545430308007994,-1.5707963267908358,1.3714832151504965
252.0,-0.2047343189664818,-0.734189558579386,2.1160439403370472,-2.9526507087993603,-1.5707963267906129,1.3660620076233112
253.0,-0.20589135038383274,-0.7327939049215336,2.1082264112625313,-2.946228833382929,-1.5707963267905645,1.3649049762059604
254.0,-0.21098321575814044,-0.7340503910937721,2.115255140079983,-2.9520010760291644,-1.5707963267903482,1.3598131108316527
255.0,-0.21178872992868034,-0.73544328139658,2.1232489293817784,-2.958601975028313,-1.5707963267903136,1.3590075966611128
256.0,-0.2076879866859114,-0.7361263427850214,2.12725344251274,-2.9619234267700105,-1.5707963267904888,1.3631083399038817
257.0,-0.20471266660718845,-0.7377134204178573,2.136794630252749,-2.9698775368765866,-1.5707963267906138,1.3660836599826047
258.0,-0.2088134657909803,-0.7390598746825668,2.1451775310240504,-2.9769139833840015,-1.570796326790441,1.3619828607988127
259.0,-0.20274938639171733,-0.7390620810874269,2.1451915050971175,-2.9769257510509908,-1.5707963267906953,1.3680469401980757
260.0,-0.1974709582890815,-0.7377515093729299,2.137027954839631,-2.9700727725069407,-1.5707963267909104,1.3733253683007116
261.0,-0.19214069612894702,-0.736684710576713,2.1305711720871203,-2.964682788549574,-1.570796326791122,1.3786556304608462
262.0,-0.1847376435805124,-0.7328010277470844,2.10826579939177,-2.9462610986823607,-1.5707963267914065,1.3860586830092807
263.0,-0.17906596437862324,-0.7320669399353741,2.104232547836121,-2.942961934937278,-1.570796326791617,1.3917303622111699
264.0,-0.17246044191181636,-0.7318700424485103,2.103159539459928,-2.942085824046615,-1.5707963267918539,1.3983358846779768
265.0,-0.16824415776297286,-0.7328912253006225,2.1087650162492464,-2.946670117982969,-1.5707963267920004,1.4025521688268203
266.0,-0.16203214960634424,-0.7321920642508979,2.1049163288031574,-2.9435205915853477,-1.5707963267922098,1.408764176983449
267.0,-0.156628083461428,-0.732783046181133,2.1081663738035243,-2.9461796546543852,-1.5707963267923857,1.414168243128365
268.0,-0.15223098871896884,-0.7334623059263491,2.111944929459524,-2.9492789505642776,-1.5707963267925245,1.4185653378708243
269.0,-0.1467395148510922,-0.7328454001272021,2.108511285793169,-2.946462212695956,-1.570796326792692,1.424056811738701
270.0,-0.1480468255974514,-0.7312642222223865,2.0998806115747013,-2.939412716382569,-1.5707963267926528,1.4227495009923417
271.0,-0.14772130030851555,-0.7296182644909324,2.091135032243979,-2.9323130947832348,-1.5707963267926626,1.4230750262812775
272.0,-0.1491319167531784,-0.7279493019748725,2.082491558949418,-2.92533858400502,-1.5707963267926197,1.4216644098366147
273.0,-0.1534644410781606,-0.7269287901240691,2.077308496833576,-2.92117603374086,-1.5707963267924858,1.4173318855116326
274.0,-0.15892484010024632,-0.727618747356054,2.080804546014053,-2.9239821256904586,-1.5707963267923117,1.4118714864895467
275.0,-0.16553417081506214,-0.7287549591294262,2.086637219275848,-2.928678587180219,-1.5707963267920928,1.405262155774731
276.0,-0.17013191645947484,-0.7301714729420267,2.0940487987435885,-2.9346736528362887,-1.5707963267919351,1.4006644101303183
277.0,-0.17205315299484322,-0.7287421346417297,2.086570843451582,-2.9286250358449673,-1.570796326791868,1.3987431735949498
278.0,-0.1771826775139303,-0.7300962170480105,2.093650935326412,-2.9343510453145525,-1.5707963267916853,1.3936136490758628
279.0,-0.1825727224317645,-0.7298846660067339,2.092535029879843,-2.9334466909103476,-1.5707963267914875,1.3882236041580285
280.0,-0.18779357984702114,-0.7308669576025674,2.0977484540083062,-2.93767782344403,-1.5707963267912903,1.383002746742772
281.0,-0.19107918747329347,-0.7324533706279301,2.1063491594349752,-2.9446921158459984,-1.5707963267911635,1.3797171391164995
282.0,-0.19812948900632393,-0.7330967669836315,2.109905684899861,-2.9476052449566015,-1.5707963267908838,1.3726668375834692
283.0,-0.19989378563654536,-0.7316113989543133,2.101755543536113,-2.9409404716225263,-1.5707963267908123,1.3709025409532478
284.0,-0.1947999562283343,-0.7308047820966209,2.09741601212226,-2.9374075570653413,-1.5707963267910172,1.3759963703614588
285.0,-0.194087757872611,-0.7292018408276126,2.088958120786349,-2.930552606998295,-1.5707963267910454,1.376708568717182
286.0,-0.19866886113542562,-0.728007476660611,2.082789284355133,-2.9255781347350025,-1.570796326790862,1.3721274654543674
287.0,-0.20314429230298872,-0.7293120208077271,2.0895327544743343,-2.931017060707987,-1.5707963267906788,1.3676520342868044
288.0,-0.2094030034358221,-0.7292064214356145,2.0889819913813916,-2.9305718969884134,-1.570796326790416,1.361393323153971
289.0,-0.20470885102095038,-0.7275916074266555,2.0806663869700697,-2.923871106585108,-1.5707963267906138,1.3660874755688428
290.0,-0.2050498593527548,-0.726065744116978,2.0729817388216416,-2.917712321746426,-1.5707963267905996,1.3657464672370383
291.0,-0.21056737292702724,-0.7270854799182955,2.078099509008444,-2.9218103561330184,-1.5707963267903662,1.3602289536627659
292.0,-0.2157491313644774,-0.7282753435684196,2.0841633993115862,-2.926684382787075,-1.5707963267901413,1.3550471952253156
293.0,-0.22113353475782271,-0.7296376632135682,2.0912367814995814,-2.932395445331,-1.5707963267899019,1.3496627918319704
294.0,-0.21658583865824776,-0.7303795014894646,2.0951510825156374,-2.935567908070249,-1.5707963267901046,1.3542104879315453
295.0,-0.21883709719643823,-0.7321615000690407,2.1047491636586595,-2.943383990634146,-1.5707963267900047,1.3519592293933549
296.0,-0.2129035309618208,-0.731953461200573,2.1036136910987318,-2.942456556941497,-1.5707963267902654,1.3578927956279723
297.0,-0.20635528782600485,-0.7309389549857532,2.0981338349565415,-2.937991207012813,-1.570796326790545,1.3644410387637882
298.0,-0.21721487415256469,-0.7339618547195013,2.114754416451867,-2.951588888776568,-1.5707963267900766,1.3535814524372285
299.0,-0.22322405224286693,-0.7334991536648624,2.112151261274525,-2.9494484346550673,-1.5707963267898075,1.347572274346926
300.0,-0.22910790291952726,-0.7340811762210204,2.115429447385863,-2.952144598211423,-1.5707963267895368,1.3416884236702658
301.0,-0.22502744244690448,-0.7353360652511975,2.1226255788369013,-2.958085840631469,-1.5707963267897254,1.3457688841428885
302.0,-0.23136194748685163,-0.7364299837270475,2.1290525558704787,-2.9634188991904624,-1.5707963267894314,1.3394343791029415
303.0,-0.23529444025337956,-0.7353980482621059,2.1229857764574795,-2.9583840552431893,-1.5707963267892449,1.3355018863364134
304.0,-0.24195528441987654,-0.735069864245316,2.121083845052193,-2.9568103078560206,-1.570796326788922,1.3288410421699166
305.0,-0.23934610515889904,-0.7337366619578295,2.113484635016932,-2.950544300107726,-1.5707963267890495,1.331450221430894
306.0,-0.24406467946833568,-0.7326816290662408,2.1076062089688703,-2.9457209069521926,-1.5707963267888179,1.3267316471214574
307.0,-0.2391828343453139,-0.7316795559795465,2.1021249196154557,-2.9412416906845,-1.5707963267890575,1.3316134922444791
308.0,-0.2338321958795507,-0.7318439514462992,2.10301762759847,-2.9419700031996947,-1.5707963267893146,1.3369641307102424
309.0,-0.23439914498077594,-0.7301212139698419,2.093783036729546,-2.934458149807341,-1.5707963267892877,1.3363971816090172
310.0,-0.2279297483265816,-0.7296745823999562,2.0914305125905965,-2.9325522572369858,-1.5707963267895917,1.3428665782632114
311.0,-0.22902566991630752,-0.7280303245723474,2.0829062831579583,-2.9256722856321753,-1.5707963267895406,1.3417706566734855
312.0,-0.23242311067605992,-0.7271032670463999,2.0781894114846473,-2.9218824714854903,-1.5707963267893814,1.3383732159137331
313.0,-0.23070835990364805,-0.725409239635911,2.0697235880816547,-2.9151106754926444,-1.570796326789462,1.340087966686145
314.0,-0.22524739719376163,-0.7258553129134538,2.071934335718941,-2.9168753498512965,-1.5707963267897151,1.3455489293960314
315.0,-0.21940098302499805,-0.7253829756743602,2.0695938228385287,-2.9150071742088084,-1.5707963267899796,1.351395343564795
316.0,-0.22398435154074475,-0.7239269576691867,2.062467144523186,-2.9093365138995564,-1.5707963267897729,1.3468119750490484
317.0,-0.2184184003593108,-0.7226138916057692,2.0561482562518965,-2.9043306916905705,-1.5707963267900233,1.3523779262304823
318.0,-0.2134400295105129,-0.7235688069453632,2.060733746793801,-2.9079612668918835,-1.5707963267902423,1.3573562970792803
319.0,-0.2115941896979725,-0.7250058719630269,2.0677354511208894,-2.913525906200938,-1.570796326790322,1.3592021368918206
320.0,-0.20428590319104864,-0.724134457433135,2.063474883563233,-2.910136753171707,-1.5707963267906315,1.3665104233987444
321.0,-0.20288288863427748,-0.7223028668809313,2.0546657810606677,-2.9031592412210636,-1.5707963267906897,1.3679134379555156
322.0,-0.1977049931107083,-0.7210679809573696,2.0488313471887296,-2.8985596932716464,-1.5707963267909009,1.3730913334790849
323.0,-0.19688554790442572,-0.7227683907174957,2.056886658927254,-2.9049145952498803,-1.570796326790934,1.3739107786853675
324.0,-0.19045991517988164,-0.7230133082213097,2.058059945078319,-2.9058429638958376,-1.5707963267911875,1.3803364114099115
325.0,-0.1896604192579082,-0.7209717796806125,2.0483801986139274,-2.898204745971982,-1.5707963267912186,1.381135907331885
326.0,-0.18712492199561098,-0.7189334033463999,2.038929849363787,-2.8907927730555434,-1.5707963267913159,1.383671404594182
327.0,-0.19306401028387019,-0.7193640833235067,2.040909678137691,-2.892341921853537,-1.5707963267910858,1.377732316305923
328.0,-0.20070484253932802,-0.7194710696360088,2.0414028654507677,-2.8927281228556483,-1.5707963267907792,1.370091484050465
329.0,-0.20618198351090392,-0.7187646901095058,2.0381566667281574,-2.8901883036606413,-1.5707963267905523,1.364614343078889
330.0,-0.2128505514878992,-0.7202314921091532,2.044924317582115,-2.8954891525162894,-1.5707963267902678,1.357945775101894
331.0,-0.21009102727382492,-0.7216931170609084,2.0517747650476474,-2.9008779750295135,-1.5707963267903866,1.360705299315968
332.0,-0.21874211312916517,-0.7199247031188576,2.043500190788545,-2.8943718147141952,-1.570796326790009,1.352054213460628
333.0,-0.22278384565792628,-0.7182053676422562,2.0356028554214167,-2.8881938148244775,-1.5707963267898275,1.3480124809318668
334.0,-0.21719297672075102,-0.7174464042884631,2.0321602757454493,-2.885510198501184,-1.5707963267900777,1.353603349869042
335.0,-0.21281100769932434,-0.7180888617820856,2.0350727093268346,-2.8877801745880687,-1.5707963267902694,1.3579853188904687
336.0,-0.20897120674765696,-0.7162491611771181,2.0267811917535394,-2.8813283576189708,-1.5707963267904343,1.361825119842136
337.0,-0.2064992603487114,-0.7143191718674895,2.01823591884921,-2.8747130740237736,-1.570796326790539,1.3642970662410816
338.0,-0.20225489161606935,-0.715636524627743,2.024052223668688,-2.879212026082146,-1.5707963267907157,1.3685414349737237
339.0,-0.19846108712145513,-0.7136741997707382,2.015413214706513,-2.8725353419762136,-1.5707963267908704,1.372335239468338
340.0,-0.1947524795977582,-0.7149570170847173,2.0210434164570987,-2.8768827264120738,-1.570796326791019,1.3760438469920349
341.0,-0.19754096006311758,-0.7173347807458897,2.0316561309628227,-2.8851176772571865,-1.5707963267909075,1.3732553665266756
342.0,-0.18980709039990518,-0.7167070864824852,2.028831309134794,-2.882920549691006,-1.5707963267912128,1.380989236189888
343.0,-0.18486532590439145,-0.7148932232465619,2.020761899133302,-2.876665002924441,-1.5707963267914016,1.3859310006854015
344.0,-0.18777423210327535,-0.7132531308891631,2.01357899939474,-2.8711221955438644,-1.570796326791291,1.3830220944865177
345.0,-0.1917248664219949,-0.7121387135483468,2.008756337321581,-2.867413950812317,-1.5707963267911382,1.3790714601677982
346.0,-0.1869660849747113,-0.7104645656981524,2.001595001816621,-2.861926763156593,-1.570796326791322,1.3838302416150818
347.0,-0.19437771627750536,-0.7103022902504108,2.000906002327013,-2.8614000391162193,-1.5707963267910339,1.3764186103122877
348.0,-0.20323688548265392,-0.7120406537831953,2.0083341505464665,-2.8670898238046694,-1.570796326790675,1.3675594411071392
349.0,-0.20745700593013397,-0.7096222666558014,1.9980283261250502,-2.8592023865114946,-1.5707963267904985,1.3633393206596591
350.0,-0.21388359358524892,-0.7100395694842064,1.9997924082980305,-2.8605491658573587,-1.570796326790223,1.356912733004544
351.0,-0.21972896128124866,-0.7105837136511368,2.0021014567752666,-2.8623140701688357,-1.570796326789965,1.3510673653085443
352.0,-0.21983038322239204,-0.7128895058549323,2.0120003737144856,-2.869907194904279,-1.5707963267899605,1.350965943367401
353.0,-0.22480500623891028,-0.7137460737882625,2.015726977150607,-2.8727772304080657,-1.5707963267897356,1.3459913203508829
354.0,-0.23034491100651747,-0.7130709732626288,2.012787572120988,-2.870512925905187,-1.5707963267894791,1.3404514155832756
355.0,-0.23664487473374257,-0.7131970440519769,2.0133351844429463,-2.8709344674390547,-1.5707963267891802,1.3341514518560504
356.0,-0.23732099699835865,-0.7113402573712425,2.0053286294151476,-2.864784699092125,-1.5707963267891476,1.3334753295914346
357.0,-0.24231290746866077,-0.7127727610515395,2.011494584559735,-2.8695181505574103,-1.5707963267889045,1.3284834191211323
358.0,-0.24788383273705608,-0.7117556284052933,2.0071089573110235,-2.866149655956053,-1.5707963267886271,1.322912493852737
359.0,-0.2491176409886252,-0.7097443983378685,1.9985440205163134,-2.8595959492290133,-1.570796326788565,1.321678685601168
360.0,-0.25614139232398775,-0.7105686028581272,2.002037199495492,-2.862264923689328,-1.5707963267882048,1.3146549342658054
361.0,-0.2553947648718279,-0.712528744342047,2.010439018806621,-2.8687066015163887,-1.5707963267882437,1.315401561717965
362.0,-0.25948357186709864,-0.7141499316201689,2.0174936864548987,-2.8741400818873557,-1.57079632678803,1.3113127547226946
363.0,-0.2612221352419824,-0.7120323918409972,2.0082985953542627,-2.867062530566236,-1.5707963267879383,1.3095741913478107
364.0,-0.2645758741559876,-0.7108799559400322,2.0033627779189604,-2.863279149032563,-1.5707963267877596,1.3062204524338055
365.0,-0.26756926846604423,-0.7131546651999786,2.0131510376018134,-2.8707926994560617,-1.570796326787598,1.3032270581237488
366.0,-0.2697114081268781,-0.7151680357110974,2.0219757886449004,-2.8776040799884535,-1.5707963267874814,1.301084918462915
367.0,-0.2649461327365619,-0.7161758304812201,2.0264537172974375,-2.8810742138699252,-1.5707963267877396,1.3058501938532312
368.0,-0.26008073844561114,-0.7166338272219105,2.0285027294230065,-2.88266522925384,-1.5707963267879985,1.3107155881441819
369.0,-0.264270100360309,-0.7184378696762346,2.0366626832312207,-2.88902114060856,-1.5707963267877758,1.3065262262294841
370.0,-0.26985106040409074,-0.7177565028701206,2.033563727383235,-2.886603551567793,-1.5707963267874738,1.3009452661857024
371.0,-0.274390929585449,-0.7192543727180011,2.040404502427516,-2.89194645676509,-1.5707963267872236,1.296405397004344
372.0,-0.27178258482810896,-0.7206997617730487,2.047107107633316,-2.897203672915327,-1.570796326787368,1.299013741761684
373.0,-0.27352518201076015,-0.7225026339789432,2.0556173416357106,-2.9039110347121717,-1.5707963267872715,1.297271144579033
374.0,-0.26864901715418754,-0.7230920643438593,2.0584379496549614,-2.9061422123655425,-1.5707963267875393,1.3021473094356055
375.0,-0.27373686578346534,-0.7244543514868544,2.065033536394824,-2.9113755119634153,-1.5707963267872598,1.2970594608063277
376.0,-0.2799340682777786,-0.7241859118005851,2.063725173780764,-2.9103355890368476,-1.5707963267869125,1.2908622583120144
377.0,-0.28370306608380697,-0.725757297363792,2.0714474630867903,-2.9164864927804093,-1.5707963267866976,1.2870932605059862
378.0,-0.2861550237971336,-0.7240053914802921,2.062847763087818,-2.9096386986654195,-1.5707963267865561,1.2846413027926595
379.0,-0.28986137097430026,-0.722809369112934,2.0570827322859344,-2.905069690231623,-1.5707963267863403,1.2809349556154928
380.0,-0.29283805721417444,-0.7244058721328756,2.0647969274685956,-2.9111873823949277,-1.5707963267861649,1.2779582693756186
381.0,-0.2934934330006944,-0.7261958138174759,2.0736306130133584,-2.9182311262552187,-1.570796326786126,1.2773028935890987
382.0,-0.289362367524734,-0.7273176602261885,2.0792747800315707,-2.922753446863907,-1.5707963267863694,1.2814339590650592
383.0,-0.2916194926338809,-0.7290220316558027,2.0880223995203426,-2.929796694923508,-1.5707963267862368,1.2791768339559122
384.0,-0.29799372125274964,-0.7289448942942625,2.087621755366855,-2.9294731881328113,-1.570796326785857,1.2728026053370434
385.0,-0.302368788236394,-0.7283231586779532,2.084409245613782,-2.926882413996905,-1.5707963267855916,1.2684275383533992
386.0,-0.30099881251311145,-0.7266286926737714,2.0757982653623834,-2.9199658997494202,-1.570796326785675,1.2697975140766817
387.0,-0.3075535906919187,-0.7274012945049053,2.079699060764269,-2.9230940933214544,-1.5707963267852723,1.2632427358978744
388.0,-0.3089460664113448,-0.7258028888061188,2.0716738514616475,-2.916667289717892,-1.5707963267851857,1.2618502601784483
389.0,-0.3054298660664762,-0.7239512726333771,2.0625850995645565,-2.909430153992855,-1.5707963267854037,1.2653664605233168
390.0,-0.298630224723374,-0.7239002946231634,2.062337838947632,-2.9092338713848127,-1.5707963267858185,1.272166101866419
391.0,-0.29973312781268013,-0.7217095830376414,2.051852572820812,-2.9009393168437305,-1.5707963267857519,1.271063198777113
392.0,-0.2957195388558668,-0.719942400548661,2.0435822166447544,-2.8944361431558665,-1.5707963267859935,1.2750767877339262
393.0,-0.2919066981850714,-0.7211362107091898,2.0491516097176476,-2.8988117260674824,-1.57079632678622,1.2788896284047218
394.0,-0.28678734435806125,-0.7211727708731643,2.0493233182353885,-2.8989468744202425,-1.5707963267865195,1.2840089822317318
395.0,-0.28740857859861824,-0.7191319817679946,2.0398416163782653,-2.891505961668411,-1.5707963267864833,1.2833877479911748
396.0,-0.2803240593301251,-0.7188902323455802,2.038731877204443,-2.8906379719156083,-1.5707963267868903,1.290472267259668
397.0,-0.2746373997015771,-0.7168688883289995,2.0295578337484783,-2.8834852724751023,-1.5707963267872098,1.2961589268882159
398.0,-0.27661033755828,-0.7148671970088767,2.020647094060828,-2.876576224107964,-1.5707963267870997,1.294185989031513
399.0,-0.27484098110039534,-0.7129230164796219,2.0121456494321035,-2.870018960008146,-1.5707963267871985,1.2959553454893977
400.0,-0.2809198320643486,-0.7124541456735555,2.0101167556385566,-2.868458937021864,-1.5707963267868565,1.2898764945254444
401.0,-0.28673391822017374,-0.713015587130025,2.0125471794943275,-2.8703279194223104,-1.5707963267865226,1.2840624083696193
402.0,-0.29238959507287704,-0.7134702447876677,2.0145239301476368,-2.871850012419088,-1.5707963267861913,1.278406731516916
403.0,-0.2885364477678555,-0.7149925506752789,2.021200294117815,-2.8770040705008983,-1.5707963267864178,1.2822598788219377
404.0,-0.2834136651241811,-0.7153541753704267,2.022799726367753,-2.8782418780546806,-1.570796326786714,1.287382661465612
405.0,-0.28907862842866205,-0.7170294124652276,2.0302797385059015,-2.884046653099143,-1.570796326786386,1.2817176981611311
406.0,-0.29396312530997076,-0.7159891977052917,2.0256212846986403,-2.880428414052777,-1.570796326786098,1.2768332012798222
407.0,-0.29666995598645046,-0.7180802265192578,2.035033440180677,-2.8877495407213787,-1.5707963267859364,1.2741263706033426
408.0,-0.28665376031219636,-0.7107986770140104,2.0030164141762516,-2.8630140642202333,-1.5707963267865273,1.2841425662775967
409.0,-0.28027617703244495,-0.7091465599180088,1.9960243510714633,-2.8576741182101904,-1.570796326786893,1.2905201495573482
410.0,-0.2771619092266741,-0.710668431518093,2.002461856165593,-2.862589751703622,-1.5707963267870688,1.293634417363119
411.0,-0.27388287522374377,-0.7083801415202837,1.992811112227731,-2.855227297762922,-1.5707963267872518,1.2969134513660492
412.0,-0.2597899774900789,-0.7088525304564323,1.994789394277751,-2.8567331908740052,-1.5707963267880138,1.3110063490997141
413.0,-0.2515449412192506,-0.7138837197881317,2.0163284156545593,-2.8732410229174783,-1.5707963267884415,1.3192513853705425
414.0,-0.24744159860268528,-0.7158917213144317,2.0251870916365937,-2.880091697372397,-1.5707963267886493,1.3233547279871078
415.0,-0.24172335248164428,-0.716433545329156,2.027605602387396,-2.8819683841073367,-1.5707963267889333,1.3290729741081488
416.0,-0.2367621321838218,-0.7152286067093961,2.0222437490713245,-2.877811469410037,-1.5707963267891745,1.3340341944059713
417.0,-0.23214258406701468,-0.7157546367692733,2.024577137720701,-2.8796188279986143,-1.5707963267893945,1.3386537425227785
418.0,-0.23543208801310442,-0.7177319397156868,2.0334524024998477,-2.886516789832004,-1.5707963267892384,1.3353642385766886
419.0,-0.228528916874565,-0.7187048907431978,2.037882936746481,-2.8899743730497485,-1.570796326789564,1.342267409715228
420.0,-0.22623842819098125,-0.7200923758164532,2.0442779569000833,-2.8949819081296377,-1.5707963267896696,1.3445578983988118
421.0,-0.2316948685909751,-0.721359708775806,2.050202379501495,-2.8996389977727866,-1.5707963267894158,1.339101457998818
422.0,-0.2368644980056339,-0.7223536043597604,2.054907253466305,-2.9033499761546735,-1.5707963267891696,1.3339318285841593
423.0,-0.23882442398155157,-0.7207148750971729,2.0471777414028063,-2.8972591933541527,-1.5707963267890748,1.3319719026082415
424.0,-0.2429142758334949,-0.7193700277960181,2.040937066649439,-2.892363365902755,-1.5707963267888747,1.3278820507562983
425.0,-0.24654495846258512,-0.7180088535051209,2.0347089984106264,-2.8874964719555622,-1.5707963267886944,1.324251368127208
426.0,-0.24939240055221226,-0.7196977200410016,2.042449507308356,-2.8935481143179773,-1.570796326788551,1.3214039260375807
427.0,-0.2529428498981205,-0.7184214220695949,2.0365876275178754,-2.8889625324996087,-1.57079632678837,1.3178534766916725
428.0,-0.25837409949451323,-0.7192328488648142,2.040305460745137,-2.891868938932729,-1.5707963267880882,1.31242222709528
429.0,-0.25620284905348994,-0.720895054259356,2.048020726461583,-2.8979219992542022,-1.5707963267882017,1.314593477536303
430.0,-0.26236669909375754,-0.7215629723192374,2.051160290682741,-2.9003936454167007,-1.5707963267878775,1.3084296274960356
431.0,-0.2582180911602427,-0.7228687575681675,2.0573670613623123,-2.90529463084652,-1.5707963267880964,1.3125782354295503
432.0,-0.2617766328918503,-0.7245066980723802,2.0652891804137887,-2.9115788093944888,-1.5707963267879088,1.3090196936979428
433.0,-0.2667272812811769,-0.7255347913375025,2.070344525487483,-2.9156060612040404,-1.5707963267876437,1.3040690453086161
434.0,-0.27279268066842643,-0.7266456146931158,2.075883260513133,-2.9200339728752764,-1.5707963267873122,1.2980036459213666
435.0,-0.28020377123404744,-0.728152109748514,2.0835305674633506,-2.9261747847715585,-1.5707963267868972,1.2905925553557456
436.0,-0.28113147793323623,-0.7297345875770563,2.091745622499424,-2.9328073619792723,-1.5707963267868446,1.289664848656557
437.0,-0.2812048526159588,-0.7311710538732139,2.0993793084727286,-2.939004581656434,-1.5707963267868403,1.2895914739738343
438.0,-0.2774907815464712,-0.7321626042633268,2.104755201306337,-2.943388924099197,-1.5707963267870504,1.293305545043322
439.0,-0.2834948003573501,-0.7327666943979672,2.10807598775635,-2.9461056204157527,-1.5707963267867093,1.287301526232443
440.0,-0.2900083340753463,-0.7334990871450308,2.1121508886787224,-2.9494481285923433,-1.5707963267863316,1.2807879925144467
441.0,-0.29623912071180264,-0.7333873085387452,2.1115254132664356,-2.948934431787565,-1.5707963267859624,1.2745572058779904
442.0,-0.30168516986961935,-0.7341877155607234,2.116033480258664,-2.9526420917588827,-1.5707963267856333,1.2691111567201738
443.0,-0.2968361711558391,-0.7348295850585086,2.119699408073429,-2.9556661500749124,-1.5707963267859266,1.273960155433954
444.0,-0.30453389344775506,-0.7358193417940013,2.1254464227632863,-2.960423408030785,-1.570796326785459,1.266262433142038
445.0,-0.31052867819971847,-0.735487276549599,2.123505118013397,-2.95881416852647,-1.5707963267850866,1.2602676483900745
446.0,-0.3079809872142839,-0.7338997290332905,2.1144035673578583,-2.9513001653867423,-1.5707963267852458,1.2628153393755093
447.0,-0.30239177308627363,-0.7322163723161094,2.1050493410435482,-2.9436292957885195,-1.5707963267855902,1.2684045535035195
448.0,-0.29648467507526166,-0.7316864196261972,2.102162140810563,-2.941272048244289,-1.5707963267859475,1.2743116515145314
449.0,-0.3032674546626884,-0.7304174552340903,2.095352583593186,-2.9357314554203477,-1.5707963267855367,1.2675288719271047
450.0,-0.3085916302304789,-0.7314924182998467,2.1011117518359685,-2.9404156605984153,-1.5707963267852079,1.262204696359314
451.0,-0.31385239721228636,-0.7310115396852144,2.0985228213831215,-2.938307608761228,-1.5707963267848772,1.2569439293775067
452.0,-0.30886501526755533,-0.7295975663070483,2.0910265007877578,-2.9322252615430564,-1.5707963267851908,1.2619313113222377
453.0,-0.31752600669737013,-0.7338635318375254,2.114199338928945,-2.951132134155457,-1.5707963267846434,1.2532703198924229
454.0,-0.3167183188533012,-0.7374560459805802,2.1352235518368143,-2.968563832920114,-1.5707963267846952,1.254078007736492
455.0,-0.30862619659719154,-0.737417179644,2.1349871325972556,-2.9683662800155557,-1.5707963267852056,1.2621701299926016
456.0,-0.30501534623559495,-0.7383857425317988,2.1409450805304555,-2.973355665060251,-1.5707963267854292,1.2657809803541982
457.0,-0.2989067776137355,-0.738321268271698,2.1405440731531837,-2.973019131941884,-1.5707963267858018,1.2718895489760575
458.0,-0.29994176550624163,-0.7371546485888317,2.133395803635799,-2.967037482107568,-1.5707963267857392,1.2708545610835515
459.0,-0.29374704032657767,-0.7374199816548715,2.13500416966004,-2.9683805150645544,-1.570796326786111,1.2770492862632155
460.0,-0.28707189380059384,-0.7375382793963411,2.1357244825292603,-2.9689825301909933,-1.570796326786503,1.2837244327891992
461.0,-0.283019034346349,-0.7362811428017432,2.1281691595813883,-2.9626843438369215,-1.5707963267867366,1.287777292243444
462.0,-0.28119346360431413,-0.7347184041975869,2.119061072971561,-2.955138995830891,-1.570796326786841,1.289602862985479
463.0,-0.2754641214548953,-0.7340395986657631,2.1151940571597323,-2.951950785549756,-1.5707963267871639,1.2953322051348979
464.0,-0.26982470976809086,-0.7346377674427439,2.1185989909297085,-2.9547575505416375,-1.5707963267874752,1.3009716168217023
465.0,-0.26553532683112563,-0.7334870014199985,2.1120831981461836,-2.9493925237800096,-1.5707963267877079,1.3052609997586675
466.0,-0.2630081051580652,-0.7345781697263046,2.11825794740863,-2.9544761047356496,-1.5707963267878433,1.3077882214317278
467.0,-0.26587158133402855,-0.735865708592001,2.125718577638169,-2.960649196100059,-1.5707963267876899,1.3049247452557646
468.0,-0.2600705233001967,-0.735959947534719,2.1262725548269565,-2.96110893434498,-1.5707963267879992,1.3107258032895965
469.0,-0.25915934292811493,-0.7373836324583984,2.1347832426671824,-2.9681959372613456,-1.5707963267880471,1.3116369836616781
470.0,-0.265384774284675,-0.7378927037184159,2.1378947490838596,-2.9707983724192384,-1.570796326787716,1.305411552305118
471.0,-0.27200075783826394,-0.7384103910471391,2.1410985567739718,-2.9734844927819357,-1.570796326787356,1.2987955687515291
472.0,-0.270513461852387,-0.7370312768321344,2.132651324670587,-2.9664163748932615,-1.5707963267874376,1.300282864737406
473.0,-0.27810227948181176,-0.7374025315709353,2.134898086165723,-2.9682918816510955,-1.570796326787016,1.2926940471079813
474.0,-0.27505110458202847,-0.7356594231536049,2.124509816975883,-2.9596467208779837,-1.5707963267871867,1.2957452220077645
475.0,-0.2756889353437114,-0.7253032911869417,2.1240177967323657,-2.969510832601255,-1.5707963267871512,1.2951073912460818
476.0,-0.2817555544064944,-0.7263087239141847,2.130298523102653,-2.9747861262454958,-1.5707963267868088,1.2890407721832986
477.0,-0.28589004379660593,-0.7246380481440337,2.12122219691349,-2.9622372273037474,-1.5583119563263303,1.2848836731338482
478.0,-0.27649453110128547,-0.7238302940747943,2.115085267754155,-2.962051300735351,-1.5707963267871061,1.2943017954885077
479.0,-0.26885525320557785,-0.7226435831985726,2.116048658196632,-2.9642014020525407,-1.5707963267875282,1.3019410733842152
480.0,-0.26236571910981005,-0.7237599077566409,2.1146658575441726,-2.961702276840729,-1.5707963267878775,1.308430607479983
481.0,-0.2569038051598158,-0.7335599413896882,2.1124919577615153,-2.9497283434239416,-1.570796326788165,1.3138925214299773
482.0,-0.25811586418639004,-0.7318738349321942,2.1031801725181567,-2.942102664638317,-1.5707963267881018,1.312680462403403
483.0,-0.26419743702176995,-0.7318746728367447,2.1031847313276857,-2.9421063855445007,-1.5707963267877798,1.3065988895680232
484.0,-0.27158965595364465,-0.7325136886148887,2.106680842599314,-2.9449634810394474,-1.5707963267873783,1.2992066706361485
485.0,-0.2714565678989036,-0.7304752438300276,2.095659625884896,-2.935980709109864,-1.5707963267873857,1.2993397586908895
486.0,-0.2737276192856064,-0.7290299339626268,2.0880634695797773,-2.9298298626725945,-1.5707963267872604,1.2970687073041867
487.0,-0.26579445949756925,-0.7277133625972789,2.0812866118702082,-2.9243695763268054,-1.570796326787694,1.3050018670922239
488.0,-0.26340996045295273,-0.7292013485475604,2.0889555555159625,-2.9305505340218057,-1.570796326787822,1.3073863661368403
489.0,-0.25937746174282894,-0.7300487064185857,2.093399999269077,-2.9341476199030962,-1.5707963267880356,1.311418864846964
490.0,-0.252983417200975,-0.7297278051878748,2.091709990892808,-2.9327785127562693,-1.570796326788368,1.317812909388818
491.0,-0.253698723831638,-0.7278687382712892,2.0820796616719783,-2.9250072504521674,-1.5707963267883311,1.3170976027581551
492.0,-0.25862342348677386,-0.7262917490103735,2.0741099236065375,-2.9186145016486194,-1.5707963267880753,1.3121729031030192
493.0,-0.2555342513172446,-0.724451211935611,2.06501820913076,-2.9113633242469916,-1.5707963267882363,1.3152620752725486
494.0,-0.2512590442611137,-0.7252676380932479,2.069024482296525,-2.914553171254271,-1.5707963267884562,1.3195372823286793
495.0,-0.2461708060258002,-0.7256176049564239,2.070754649165229,-2.9159333712587876,-1.570796326788713,1.324625520563993
496.0,-0.24034801884308263,-0.7260398217399554,2.0728525548304813,-2.9176090601393487,-1.5707963267890008,1.3304483077467104
497.0,-0.23956827282463894,-0.7243274255804311,2.0644143623785585,-2.910883263846795,-1.5707963267890388,1.3312280537651542
498.0,-0.23279544105855943,-0.7238566145417918,2.062126098144995,-2.90906581065052,-1.5707963267893639,1.3380008855312338
499.0,-0.22413418251369113,-0.7219119239673523,2.052809890627991,-2.9016942937062256,-1.5707963267897662,1.346662144076102
500.0,-0.22714821239421182,-0.7169532891292508,2.0299372595031353,-2.8837802974200737,-1.5707963267896279,1.3436481141955814
501.0,-0.21876038518504123,-0.7152585782540537,2.0223763952591574,-2.8779141440496154,-1.5707963267900082,1.3520359414047518
502.0,-0.21347562038773404,-0.7147637471248217,2.0201910302308903,-2.8762236101495215,-1.5707963267902407,1.357320706202059
503.0,-0.21413101676940077,-0.7121883294431112,2.008970085658663,-2.867578083259136,-1.570796326790212,1.3566653098203922
504.0,-0.22917324699147973,-0.7105977215363167,2.0021610309992934,-2.8623596365095705,-1.570796326789534,1.3416230795983133
505.0,-0.24106526055440636,-0.7095169723691908,1.9975841216764187,-2.858863476356194,-1.5707963267889657,1.3297310660353867
506.0,-0.2537632586488478,-0.716625482283876,2.0284653155941426,-2.8826361603617574,-1.5707963267883278,1.3170330679409452
507.0,-0.24844128656379671,-0.7214224053118911,2.050497614730253,-2.8998715364687957,-1.5707963267885992,1.3223550400259965
508.0,-0.25130883244596625,-0.7230737365367361,2.058349950496934,-2.906072541011201,-1.5707963267884537,1.3194874941438268
509.0,-0.24412753277137011,-0.7230835858197627,2.0583972384801306,-2.9061099797099437,-1.5707963267888148,1.326668793818423
510.0,-0.24587215248967492,-0.7285249065998753,2.085448447679689,-2.9277198681297363,-1.570796326788728,1.324924174100118
511.0,-0.23968217257482757,-0.7291464043345819,2.088669359911157,-2.9303192826252658,-1.5707963267890332,1.3311141540149656
512.0,-0.24419367900592617,-0.7312203850038524,2.099644643469072,-2.9392205855148084,-1.5707963267888114,1.3266026475838668
513.0,-0.25034508128562494,-0.7319770577861094,2.103742275144518,-2.9425615444092204,-1.5707963267885028,1.3204512453041681
514.0,-0.2467900915763831,-0.7340929525388453,2.1154961529924687,-2.952199527503729,-1.570796326788682,1.32400623501341
515.0,-0.25282659332374935,-0.7359285962573723,2.126088134375222,-2.9609558651691543,-1.570796326788376,1.3179697332660438
516.0,-0.25090445543037054,-0.7376372935004228,2.1363289304149773,-2.9694879639654777,-1.5707963267884741,1.3198918711594225
517.0,-0.24556795128956174,-0.7383579455652993,2.1407721138160167,-2.97321049530058,-1.5707963267887433,1.3252283753002314
518.0,-0.23980622771373114,-0.7374641800496852,2.135273057758283,-2.9686052047573126,-1.570796326789027,1.330990098876062
519.0,-0.2448174042544296,-0.7365777941999946,2.1299327148528873,-2.9641512477026057,-1.5707963267887806,1.3259789223353635
520.0,-0.23979832625727612,-0.7392300931095277,2.1462579860359194,-2.9778242199751053,-1.5707963267890275,1.330998000332517
521.0,-0.22575361126404825,-0.7384261420163343,2.1411966813462535,-2.9735668663758297,-1.570796326789692,1.345042715325745
522.0,-0.22527629823457945,-0.7369482948667807,2.132151759551478,-2.9659997917305123,-1.5707963267897138,1.3455200283552136
523.0,-0.2197892721019268,-0.7371602020428727,2.1334293653968013,-2.967065490398646,-1.5707963267899623,1.3510070544878663
524.0,-0.2123141358874227,-0.7380767405820942,2.139029021144821,-2.9717486076059467,-1.570796326790291,1.3584821907023703
525.0,-0.22484324030994401,-0.7314125677054758,2.10068041341633,-2.940064172756583,-1.5707963267897338,1.345953086279849
526.0,-0.22183773180157357,-0.7275997213759796,2.0807076864439837,-2.9239042921131317,-1.5707963267898704,1.3489585947882194
527.0,-0.19869350093758364,-0.7249840429600761,2.06762815178917,-2.913440435869579,-1.5707963267908611,1.3721028256522094
528.0,-0.19380798029308216,-0.7256226995949351,2.070779894142733,-2.9159535215873005,-1.5707963267910565,1.376988346296711
529.0,-0.18799582702625095,-0.7257600625153307,2.0714611898161834,-2.9164974543391846,-1.5707963267912826,1.3828004995635421
530.0,-0.18188701648999905,-0.7254747084585902,2.0700472491732267,-2.915368867751737,-1.570796326791513,1.388909310099794
531.0,-0.1834042807819047,-0.7270706077905617,2.0780243569694976,-2.9217500762163424,-1.5707963267914564,1.3873920458078883
532.0,-0.18587435138123476,-0.7285274080774092,2.085461352078414,-2.927730271038909,-1.5707963267913634,1.3849219752085582
533.0,-0.19177427207965966,-0.7272997094047953,2.0791837793185195,-2.922680396952817,-1.5707963267911362,1.3790220545101335
534.0,-0.18457036716910977,-0.7238105356905912,2.061902851373894,-2.908888642720944,-1.5707963267914127,1.3862259594206834
535.0,-0.17934076165411691,-0.7230099148494052,2.058043665870661,-2.9058300780578423,-1.5707963267916067,1.3914555649356761
536.0,-0.1736302187080141,-0.7229829514862752,2.0579143362619337,-2.905727711811092,-1.5707963267918124,1.397166107881779
537.0,-0.17613866832985056,-0.7212177382964452,2.0495346075815535,-2.8991131963210486,-1.5707963267917229,1.3946576582599426
538.0,-0.18166723986530253,-0.7210426514006215,2.048712514537786,-2.8984661901742204,-1.5707963267915213,1.3891290867244905
539.0,-0.18060121424995468,-0.7187079998882474,2.0378971646534367,-2.8899854918020305,-1.5707963267915606,1.3901951123398384
540.0,-0.18076287387534398,-0.7168290913103622,2.029379032111658,-2.8833462678381694,-1.5707963267915546,1.3900334527144491
541.0,-0.17545745253177858,-0.715705414915544,2.0243583160418583,-2.879449228162117,-1.5707963267917473,1.3953388740580146
542.0,-0.16955980420936176,-0.7159074254399292,2.0252570164426973,-2.880145918037379,-1.570796326791955,1.4012365223804313
543.0,-0.17366749469151335,-0.7179860666057992,2.0346054641234637,-2.887415724553106,-1.5707963267918112,1.3971288318982797
544.0,-0.1704800754940617,-0.7200924344718906,2.044278229211975,-2.8949821217748815,-1.5707963267919232,1.4003162510957314
545.0,-0.16489329917718532,-0.7179360284109086,2.034378193567146,-2.887238492189905,-1.5707963267921143,1.4059030274126079
546.0,-0.15917509544376382,-0.7168908295804652,2.0296564414979437,-2.8835619389499882,-1.5707963267923035,1.4116212311460292
547.0,-0.15287857196930946,-0.7173566256466543,2.0317547496263164,-2.8851944510108964,-1.5707963267925042,1.4179177546204835
548.0,-0.15106061449246652,-0.7188887460636135,2.0387250629983718,-2.890632643965624,-1.5707963267925606,1.4197357120973266
549.0,-0.15208285269369606,-0.7207680411561405,2.047426311252229,-2.8974545971271612,-1.570796326792529,1.418713473896097
550.0,-0.15667004370306434,-0.7219027509579977,2.052766443663818,-2.901660019737823,-1.5707963267923843,1.4141262828867287
551.0,-0.16114373995819786,-0.721180319471368,2.049358779620193,-2.8989747871817335,-1.5707963267922391,1.4096525866315952
552.0,-0.1647997335312749,-0.722755259317974,2.0568238477378187,-2.904864915453493,-1.5707963267921174,1.405996593058518
553.0,-0.15946313428816053,-0.7238350564498277,2.06202163604652,-2.9089829066292605,-1.5707963267922942,1.4113331923016326
554.0,-0.15659439194169084,-0.7253372851108023,2.069368179344504,-2.9148272212656887,-1.5707963267923868,1.4142019346481023
555.0,-0.16255536463111464,-0.7257136685415766,2.0712309469797714,-2.916313605471389,-1.5707963267921925,1.4082409619586784
556.0,-0.16713148731164373,-0.7248879490105387,2.067156160826782,-2.9130645388503633,-1.5707963267920384,1.4036648392781492
557.0,-0.16791657996525375,-0.7269209201966309,2.0772688123600163,-2.9211442191976644,-1.5707963267920115,1.4028797466245393
558.0,-0.17505640429803265,-0.7272154779694652,2.078757077000108,-2.9223379260663647,-1.5707963267917617,1.3957399222917604
559.0,-0.17474814311645656,-0.7253798028086232,2.069578149285891,-2.9149946735129273,-1.5707963267917728,1.3960481834733365
560.0,-0.16118227106275815,-0.7193679757552653,2.0409276118913837,-2.8923559631690345,-1.5707963267922378,1.409614055527035
561.0,-0.1514598952112756,-0.7151871682235825,2.022060413052311,-2.877669571859675,-1.5707963267925482,1.4193364313785175
562.0,-0.155668657202748,-0.7141147853362625,2.017339685989874,-2.874021227685411,-1.5707963267924163,1.4151276693870452
563.0,-0.15886385716808119,-0.7122925264846582,2.0094192623765355,-2.8679230629243238,-1.5707963267923137,1.411932469421712
564.0,-0.16290605118827087,-0.7108543032305962,2.003253436352156,-2.863195460154825,-1.5707963267921807,1.4078902754015223
565.0,-0.16932752854104147,-0.7130534282437788,2.0127114090359206,-2.870454307826706,-1.5707963267919631,1.4014687980487517
566.0,-0.17318828440059952,-0.711966386325221,2.008014629051076,-2.8668445697611995,-1.5707963267918281,1.3976080421891937
567.0,-0.17819812142973623,-0.7113283089913627,2.0052775070974502,-2.8647455251424434,-1.5707963267916485,1.392598205160057
568.0,-0.17519593666583833,-0.7093696812692244,1.9969633564496148,-2.85839000221614,-1.5707963267917566,1.3956003899239549
569.0,-0.1783400642628921,-0.7135999325375719,2.0150892117093453,-2.872285606208158,-1.5707963267916434,1.392456262326901
570.0,-0.16429064667793078,-0.7139511589769488,2.0166233539117435,-2.87346852196834,-1.5707963267921345,1.4065056799118623
571.0,-0.15075676800284046,-0.7117971163081485,2.0072871145035913,-2.8662863252262465,-1.57079632679257,1.4200395585869527
572.0,-0.14905096578548757,-0.7095133698976661,1.997568930387227,-2.858851887520019,-1.5707963267926224,1.4217453608043056
573.0,-0.1421562003803328,-0.7101492861323837,2.0002571820252677,-2.860904222921943,-1.5707963267928275,1.4286401262094603
574.0,-0.136087852012902,-0.7105598657037006,2.0020000490648435,-2.862236510388969,-1.570796326793,1.434708474576891
575.0,-0.14011102335423037,-0.7123645505216124,2.009729976289655,-2.868161752796686,-1.5707963267928864,1.4306853032355626
576.0,-0.14476090448779724,-0.7135153391107047,2.0147204144484663,-2.8720014023673492,-1.5707963267927512,1.426035422101996
577.0,-0.14066187531733923,-0.7147350808857817,2.0200647290437974,-2.876125975186771,-1.5707963267928706,1.4301344512724539
578.0,-0.13344860155710314,-0.7150340225324672,2.0213834526819348,-2.8771457571767574,-1.5707963267930727,1.43734772503269
579.0,-0.13194640028694912,-0.7126447649157859,2.0109406272099015,-2.8690921893211003,-1.5707963267931135,1.438849926302844
580.0,-0.12448714760894466,-0.7125776289931852,2.0106503087327976,-2.8688690067650793,-1.5707963267933092,1.4463091789808484
581.0,-0.1242621748173994,-0.710296566119586,2.0008817146971403,-2.8613814756029754,-1.570796326793315,1.4465341517723938
582.0,-0.12816810666147185,-0.7085948808980264,1.9937095214954075,-2.855910967623597,-1.5707963267932141,1.4426282199283211
583.0,-0.11782722883417698,-0.7111429895410406,2.004485238197033,-2.864138575680103,-1.5707963267934744,1.452969097755616
584.0,-0.11309642988414996,-0.7124485357526176,2.0100925291908625,-2.868440320461392,-1.570796326793586,1.4576998967056431
585.0,-0.10937646196492629,-0.7139264989128206,2.0165154853803786,-2.873385313489947,-1.5707963267936706,1.4614198646248668
586.0,-0.11541815246888576,-0.7147144232561752,2.0199737333884324,-2.8760556371558774,-1.5707963267935319,1.4553781741209073
587.0,-0.11286505361262958,-0.7164364273627497,2.0276184998163056,-2.881978399476656,-1.5707963267935914,1.4579312729771634
588.0,-0.10751349254685284,-0.716047901969532,2.0258829644854686,-2.8806313895379456,-1.5707963267937122,1.4632828340429402
589.0,-0.10321886610115438,-0.7142326341493453,2.0178562533313253,-2.8744199462031133,-1.5707963267938048,1.4675774604886387
590.0,-0.09969735420241944,-0.7157019056797098,2.0243427191156655,-2.8794371404563703,-1.5707963267938778,1.4710989723873735
591.0,-0.09682651787341345,-0.7139481007329508,2.01660997519907,-2.8734582014859478,-1.5707963267939358,1.4739698087163795
592.0,-0.09796221804321463,-0.7117749778872327,2.007192040147629,-2.866213389280457,-1.5707963267939131,1.4728341085465784
593.0,-0.0956642574040786,-0.7096814259356486,1.9982780613915538,-2.8593929624754963,-1.5707963267939586,1.4751320691857144
594.0,-0.10159990466525878,-0.7082601347845461,1.9923096735766994,-2.854845865812956,-1.5707963267938387,1.4691964219245344
595.0,-0.10806240139848329,-0.708777252577381,1.9944736664009595,-2.8564927408456997,-1.5707963267937,1.4627339251913098
596.0,-0.10554116326803284,-0.7103681411373641,2.0011854887576686,-2.8616136746419114,-1.570796326793755,1.4652551633217603
597.0,-0.10490937580724795,-0.7121767313903629,2.008920112562349,-2.867539708193464,-1.5707963267937688,1.4658869507825452
598.0,-0.1203110460255348,-0.716486001893036,2.027840407094168,-2.8821507322257487,-1.5707963267934137,1.4504852805642583
599.0,-0.12527110654485488,-0.7181875578950284,2.035521774223473,-2.888130543354071,-1.5707963267932892,1.4455252200449382
600.0,-0.12997178529796485,-0.7193651109488206,2.0409144126757406,-2.8923456287535028,-1.5707963267931664,1.4408245412918284
601.0,-0.1360606214532829,-0.7197228108630432,2.0425655266510945,-2.893639042815872,-1.5707963267930007,1.4347357051365102
602.0,-0.13754141965653,-0.7213742295711212,2.0502707389084796,-2.89969283636548,-1.5707963267929594,1.433254906933263
603.0,-0.13703214130015431,-0.7230201598006183,2.058092816507591,-2.905868983734991,-1.5707963267929737,1.4337641852896388
604.0,-0.13162401844417945,-0.7237894312976436,2.0618006447931663,-2.9088075405224414,-1.5707963267931222,1.4391723081456136
605.0,-0.1262177671185316,-0.7223429420445207,2.0548564970885064,-2.903309882069805,-1.5707963267932648,1.4445785594712615
606.0,-0.13061725451487569,-0.7213607781803663,2.050207413532423,-2.8996429623787705,-1.5707963267931493,1.4401790720749175
607.0,-0.12230820151836616,-0.7204063649467676,2.0457381785386004,-2.8961281406168564,-1.5707963267933642,1.448488125071427
608.0,-0.11722672471290584,-0.7183885035765418,2.0364374472553237,-2.8888452707027703,-1.5707963267934888,1.4535696018768873
609.0,-0.1121836279103369,-0.7195171773298399,2.041615583371053,-2.8928947330641743,-1.5707963267936071,1.458612698679456
610.0,-0.11359442280574096,-0.7215130077789053,2.050924623057259,-2.9002079423016025,-1.5707963267935745,1.457201903784052
611.0,-0.11207257376012174,-0.7233684107282249,2.0597671258208594,-2.907195042115573,-1.5707963267936096,1.4587237528296713
612.0,-0.11713299732537968,-0.725018108363589,2.0677956115390446,-2.913573830199425,-1.570796326793491,1.4536633292644134
613.0,-0.11878976371606635,-0.7268464030845135,2.0768932688657107,-2.920843192805504,-1.570796326793451,1.4520065628737266
614.0,-0.12183471059796215,-0.7285825397259283,2.085745881305574,-2.9279596686045726,-1.570796326793376,1.4489616159918308
615.0,-0.117262169379712,-0.7295579132867968,2.0908186758472884,-2.9320570895844877,-1.570796326793488,1.453534157210081
616.0,-0.12248980137358435,-0.7303362362132824,2.0949215310617606,-2.935381621873539,-1.5707963267933596,1.4483065252162086
617.0,-0.1277695535179224,-0.7299976270129801,2.093130423481701,-2.933929123494856,-1.5707963267932246,1.4430267730718707
618.0,-0.13377482252580433,-0.7310566666158957,2.0987648943371537,-2.938504554748614,-1.5707963267930638,1.4370215040639887
619.0,-0.13861565372775808,-0.7320168639775356,2.1039593084974384,-2.9427387715482425,-1.570796326792929,1.432180672862035
620.0,-0.14100789120872578,-0.7307844602983943,2.0973074280957866,-2.937319294826218,-1.5707963267928606,1.4297884353810673
621.0,-0.13911550498485636,-0.7285031699573375,2.0853363344917395,-2.9276294915628434,-1.5707963267929148,1.4316808216049368
622.0,-0.14153538511544766,-0.7270524717103173,2.0779327323994847,-2.9216765877181,-1.5707963267928455,1.4292609414743453
623.0,-0.139776390710422,-0.7254781402950435,2.070064222861644,-2.915382409595176,-1.570796326792896,1.4310199358793712
624.0,-0.13473538449828787,-0.725871235922622,2.0720134893463773,-2.9169385804513066,-1.5707963267930376,1.4360609420915051
625.0,-0.1328778772221994,-0.7272863051190758,2.0791158419013036,-2.9226258638094014,-1.5707963267930882,1.4379184493675936
626.0,-0.12783220221141672,-0.7281111742835331,2.083320605149099,-2.9260057578917134,-1.5707963267932228,1.4429641243783764
627.0,-0.13319657772530777,-0.7291772088404125,2.0888297862926195,-2.9304489044794453,-1.5707963267930796,1.4375997488644854
628.0,-0.12812531505005587,-0.7317284517057877,2.1023901734671733,-2.941458048787593,-1.5707963267932152,1.4426710115397372
629.0,-0.1271682507469374,-0.7332282473969733,2.1106375952409304,-2.9482056748699694,-1.57079632679324,1.4436280758428557
630.0,-0.12052445302357216,-0.7326399059376701,2.1073760519342297,-2.94553247302122,-1.5707963267934084,1.450271873566221
631.0,-0.1206888344945195,-0.7341602660362295,2.115877733951726,-2.9525137949401903,-1.5707963267934044,1.4501074920952737
632.0,-0.11595626416575124,-0.7346857350878746,2.1188737758751683,-2.954984367811024,-1.570796326793519,1.4548400624240418
633.0,-0.11875957265350343,-0.7362988032755736,2.128273826550811,-2.9627713502995383,-1.5707963267934517,1.4520367539362897
634.0,-0.12422096687774387,-0.7371221703389158,2.1331996104923077,-2.9668737671788046,-1.570796326793316,1.4465753597120492
635.0,-0.12953636023879556,-0.7383931280827168,2.14099105734553,-2.9733942562893074,-1.570796326793178,1.4412599663509975
636.0,-0.132870141430769,-0.7374272159174662,2.13504816129406,-2.968417272403766,-1.5707963267930884,1.4379261851590242
637.0,-0.13597795416787475,-0.7364254386934823,2.129025537424113,-2.9633964257584346,-1.5707963267930032,1.4348183724219183
638.0,-0.1410238192681783,-0.7376733180491293,2.1365492018705057,-2.969672210850205,-1.5707963267928602,1.4297725073216148
639.0,-0.14603990867241723,-0.7388864812215998,2.1440818762263554,-2.9759917220346024,-1.570796326792713,1.424756417917376
640.0,-0.1546106520551738,-0.738400451365296,2.1410366549832625,-2.9734325306495517,-1.5707963267924498,1.4161856745346193
641.0,-0.15147337334049413,-0.7370307167471994,2.13264794965582,-2.96641355993957,-1.570796326792548,1.419322953249299
642.0,-0.14592165120045658,-0.7366136931633511,2.130146917406491,-2.964329551272963,-1.5707963267927165,1.4248746753893364
643.0,-0.1407535609794269,-0.7354826399813971,2.1234781076435247,-2.9587917946909017,-1.570796326792868,1.4300427656103663
644.0,-0.1343269516047404,-0.7346771249872229,2.118824433163608,-2.9549436352038536,-1.5707963267930487,1.4364693749850528
645.0,-0.13967182661531577,-0.7337310997658534,2.1134533404971916,-2.9505185677598926,-1.570796326792899,1.4311244999744772
646.0,-0.14850878699072026,-0.7349787738959609,2.1205582090074473,-2.9563757621418345,-1.5707963267926388,1.4222875395990728
647.0,-0.15554317979085752,-0.7362406216341331,2.1279291585551587,-2.9624848639528,-1.5707963267924203,1.4152531467989355
648.0,-0.16147895984703295,-0.7363264060976855,2.128437499300206,-2.9629074202354966,-1.570796326792228,1.40931736674276
649.0,-0.15892965864731293,-0.7345676192959769,2.118197615327812,-2.954426323064295,-1.5707963267923115,1.41186666794248
650.0,-0.1656613943405894,-0.734836884751667,2.1197413684220328,-2.9557008107041884,-1.5707963267920884,1.4051349322492037
651.0,-0.17258093791030285,-0.7347293568980929,2.1191238938263752,-2.955190863963504,-1.5707963267918494,1.3982153886794901
652.0,-0.17596269593667416,-0.7335581216223979,2.112481752874382,-2.9497199582878886,-1.5707963267917293,1.3948336306531188
653.0,-0.1707610827166954,-0.7363621758312748,2.128649745851521,-2.9630838970550997,-1.5707963267919134,1.4000352438730976
654.0,-0.1729515961601658,-0.7380738518811393,2.139011177805338,-2.9717336529594953,-1.5707963267918366,1.3978447304296273
655.0,-0.16806174432850093,-0.7388207858793083,2.143668043146899,-2.9756435843018987,-1.5707963267920066,1.4027345822612922
656.0,-0.1621977630814083,-0.738147592752078,2.1394670674574625,-2.9721158017385063,-1.5707963267922043,1.4085985635083849
657.0,-0.1557231598146717,-0.7311309305368932,2.099163659292911,-2.9388290557878283,-1.5707963267924145,1.4150731667751213
658.0,-0.15709061110200417,-0.7296325909166059,2.0912101735738315,-2.9323739096893133,-1.5707963267923708,1.413705715487789
659.0,-0.16383122757398694,-0.7306849284272339,2.0967761253659214,-2.93688752397214,-1.5707963267921499,1.4069650990158062
660.0,-0.14818133371190864,-0.7255833011593467,2.0705847103866613,-2.915797736257596,-1.5707963267926488,1.4226149928778844
661.0,-0.1445806035615969,-0.7241498414246411,2.0635496994815443,-2.910196185086454,-1.5707963267927565,1.4262157230281962
662.0,-0.1488753904489123,-0.7232216852646804,2.05906085822456,-2.906635499990302,-1.5707963267926277,1.4219209361408809
663.0,-0.14342549197905977,-0.722155635296063,2.0539658662310525,-2.902606557964306,-1.5707963267927905,1.4273708346107332
664.0,-0.14625406812699693,-0.7205087593563794,2.04621543579182,-2.896503003465331,-1.5707963267927068,1.4245422584627963
665.0,-0.1420476555338422,-0.7188857607729092,2.0387113765951392,-2.8906219428512667,-1.5707963267928307,1.428748671055951
666.0,-0.13603955171639656,-0.717610429785463,2.03290209301649,-2.886087990258843,-1.5707963267930014,1.4347567748733965
667.0,-0.1301683373561806,-0.7174515489608535,2.0321835247708866,-2.885528302836656,-1.5707963267931613,1.4406279892336125
668.0,-0.12569432056353702,-0.7154942138346564,2.023420527576364,-2.8787226407674202,-1.5707963267932783,1.445102006026256
669.0,-0.14591393380977627,-0.7172246270401135,2.031159162365303,-2.884730862355011,-1.5707963267927167,1.424882392780017
670.0,-0.11896805507119242,-0.7232722610763797,2.0593041668074963,-2.90682823275546,-1.5707963267934466,1.4518282715186006
671.0,-0.12525404615212327,-0.7255546018886014,2.0704425944085902,-2.915684319545612,-1.5707963267932896,1.4455422804376699
672.0,-0.10783691169327593,-0.7248214231338724,2.066829738066719,-2.9128046419549216,-1.570796326793705,1.462959414896517
673.0,-0.1020627020158926,-0.7243280439699539,2.0644173766325866,-2.91088565968353,-1.570796326793829,1.4687336245739004
674.0,-0.09929034379498253,-0.7224647087430921,2.0554365213335086,-2.903768139610748,-1.5707963267938863,1.4715059827948105
675.0,-0.10542541319622636,-0.7217656537163465,2.0521176356591333,-2.90114830896437,-1.5707963267937577,1.4653709133935666
676.0,-0.09806020738817857,-0.7201015801768422,2.0443206924111,-2.895015439254338,-1.5707963267939111,1.4727361192016144
677.0,-0.09863568506117021,-0.7179750804214259,2.034555555810013,-2.887376802408785,-1.5707963267938994,1.4721606415286228
678.0,-0.10540968211065577,-0.7183817795968445,2.0364067773499137,-2.8888213247746495,-1.570796326793758,1.4653866444791372
679.0,-0.10168447096650861,-0.726315956153739,2.0742309643874997,-2.9187113352545806,-1.570796326793837,1.4691118556232845
680.0,-0.10806456975871086,-0.7268587778882926,2.076955607507229,-2.920893156641058,-1.5707963267937,1.4627317568310823
681.0,-0.11108919731128003,-0.7285651159140073,2.0856559336654197,-2.9278871447741506,-1.570796326793632,1.459707129278513
682.0,-0.1046741578393937,-0.7284981622736478,2.0853105109528194,-2.9276086757006015,-1.5707963267937737,1.4661221687503994
683.0,-0.09847590200961052,-0.7276610564669193,2.081020031497692,-2.924155302050938,-1.5707963267939027,1.4723204245801826
684.0,-0.09495602519743797,-0.7260417040262639,2.072861933667145,-2.917616556660328,-1.5707963267939724,1.4758403013923551
685.0,-0.10264378640789981,-0.7303079923022588,2.094771763640108,-2.9352600983588655,-1.5707963267938168,1.4681525401818933
686.0,-0.10871685212890667,-0.7302170840876699,2.0942901669995697,-2.934869409934154,-1.5707963267936855,1.4620794744608865
687.0,-0.10647048370036181,-0.7319939903829968,2.1038345776293146,-2.942636914268114,-1.570796326793735,1.4643258428894312
688.0,-0.11374572014962146,-0.7320067417558442,2.1039041054173486,-2.942693690684784,-1.570796326793571,1.4570506064401716
689.0,-0.10897376366669219,-0.7338590385536363,2.1141739971290385,-2.951111285597709,-1.5707963267936798,1.461822562923101
690.0,-0.10394216410941867,-0.735067067376005,2.121067691211716,-2.9567969508569916,-1.5707963267937894,1.4668541624803744
691.0,-0.10606403321367894,-0.736705837700636,2.130697514883687,-2.9647880042047645,-1.5707963267937437,1.4647322933761142
692.0,-0.11118004265800849,-0.7360325649865223,2.1267001963804697,-2.961463958416704,-1.57079632679363,1.4596162839317846
693.0,-0.1185744028924448,-0.7381785804950053,2.139658890826954,-2.9722766373562117,-1.5707963267934562,1.4522219236973484
694.0,-0.12754784274324912,-0.7354861922060912,2.1234988008918503,-2.9588089357118488,-1.5707963267932303,1.443248483846544
695.0,-0.0994843653080871,-0.7325348151088661,2.1067970992059655,-2.9450586111174704,-1.5707963267938823,1.471311961281706
696.0,-0.26111681668570164,-0.7391334881002734,2.145644193407554,-2.9773070323602298,-1.570796326787944,1.3096795099040914
697.0,-0.2906991443376931,-0.7358667151244875,2.125724488579435,-2.960654100513735,-1.570796326786291,1.2800971822521
698.0,-0.29030891902403094,-0.7233214192868197,2.112067464031968,-2.959542371803859,-1.5707963267863139,1.2804874075657622
699.0,-0.3019302674383783,-0.724313593605953,2.117982877028902,-2.9644656104839395,-1.5707963267856184,1.2688660591514147
700.0,-0.3063115652476963,-0.7255790377582616,2.1257247183234225,-2.9709420076270088,-1.5707963267853493,1.2644847613420969
701.0,-0.2872571588448097,-0.7302958734699841,2.094707522505812,-2.9352079760939387,-1.5707963267864922,1.2835391677449834
702.0,-0.2801937934056317,-0.72175688926453,2.0520761924411413,-2.901115630233331,-1.5707963267868976,1.2906025331841613
703.0,-0.2801938056945801,-0.7217568755149841,2.0520761013031006,-2.901115655899048,-1.5707963705062866,1.2906025648117065
704.0,-0.2798303961753845,-0.7214486002922058,2.049372673034668,-2.893101692199707,-1.5718588829040527,1.2821749448776245
705.0,-0.2790878117084503,-0.7207885980606079,2.043799638748169,-2.8764946460723877,-1.57408607006073,1.2646923065185547
706.0,-0.2779916524887085,-0.7197891473770142,2.0355679988861084,-2.851830005645752,-1.5774208307266235,1.2386993169784546
707.0,-0.2765640318393707,-0.7184773683547974,2.0249361991882324,-2.8197505474090576,-1.5817878246307373,1.2048823833465576
708.0,-0.2748219966888428,-0.7168930172920227,2.012155532836914,-2.780946731567383,-1.587088942527771,1.1639541387557983
709.0,-0.2727750241756439,-0.7150743007659912,1.9974828958511353,-2.736096143722534,-1.5932222604751587,1.116631031036377
710.0,-0.27044227719306946,-0.7130535840988159,1.9811747074127197,-2.685879945755005,-1.6001062393188477,1.0636076927185059
711.0,-0.26783764362335205,-0.7108571529388428,1.9634835720062256,-2.6309823989868164,-1.6076648235321045,1.0055878162384033
712.0,-0.26499029994010925,-0.7084866762161255,1.9446560144424438,-2.5720739364624023,-1.6158208847045898,0.9432674646377563
713.0,-0.2619268596172333,-0.7059367895126343,1.9249110221862793,-2.5098278522491455,-1.624481439590454,0.877361536026001
714.0,-0.25868210196495056,-0.7032052874565125,1.904485821723938,-2.4449079036712646,-1.6335476636886597,0.8085834980010986
715.0,-0.2552812397480011,-0.7003026008605957,1.883592128753662,-2.3779754638671875,-1.6429123878479004,0.7376571297645569
716.0,-0.2517578899860382,-0.6972396969795227,1.8624612092971802,-2.309704542160034,-1.6524882316589355,0.6652795076370239
717.0,-0.24813790619373322,-0.6940228939056396,1.841325283050537,-2.240767240524292,-1.6621726751327515,0.5921668410301208
718.0,-0.2444644570350647,-0.690631091594696,1.8203938007354736,-2.1718575954437256,-1.6718816757202148,0.5190146565437317
719.0,-0.2407754361629486,-0.6870364546775818,1.7998977899551392,-2.1036436557769775,-1.6815085411071777,0.44655466079711914
720.0,-0.23712438344955444,-0.6831811666488647,1.780057668685913,-2.0368239879608154,-1.690970778465271,0.37550175189971924
721.0,-0.23355843126773834,-0.6789970993995667,1.7610965967178345,-1.972046136856079,-1.700154185295105,0.30658912658691406
722.0,-0.2301354557275772,-0.6744214296340942,1.7432466745376587,-1.9100006818771362,-1.7089824676513672,0.2405175119638443
723.0,-0.22690583765506744,-0.6694120764732361,1.7267024517059326,-1.8513365983963013,-1.717354416847229,0.1779995709657669
724.0,-0.22392496466636658,-0.663952112197876,1.7116808891296387,-1.7967381477355957,-1.725192904472351,0.11974721401929855
725.0,-0.22124336659908295,-0.6580290198326111,1.6983712911605835,-1.7468661069869995,-1.732380747795105,0.06648195534944534
726.0,-0.218922421336174,-0.6516120433807373,1.6869604587554932,-1.702406644821167,-1.7388159036636353,0.01893906481564045
727.0,-0.21701857447624207,-0.644662082195282,1.6776319742202759,-1.6640105247497559,-1.7443783283233643,-0.022167909890413284
728.0,-0.2155918926000595,-0.6371288895606995,1.6705658435821533,-1.6323517560958862,-1.7489770650863647,-0.05612798035144806
729.0,-0.21468281745910645,-0.6289932727813721,1.6659409999847412,-1.6080660820007324,-1.752509593963623,-0.08225268870592117
730.0,-0.21430042386054993,-0.6204711198806763,1.663833498954773,-1.5917909145355225,-1.7548781633377075,-0.09985845535993576
731.0,-0.21427349746227264,-0.6134397983551025,1.66375732421875,-1.5839910507202148,-1.7560029029846191,-0.1083807498216629
732.0,-0.21427349746227264,-0.6134397983551025,1.66375732421875,-1.5839910507202148,-1.7560029029846191,-0.1083807498216629
733.0,-0.21427349746227264,-0.6134397983551025,1.66375732421875,-1.5839910507202148,-1.7560029029846191,-0.1083807498216629
734.0,-0.20877513662786165,-0.6111912355082539,1.6635535816509013,-1.5855191216938467,-1.751268384006845,-0.10553754967185154
735.0,-0.09636568177579745,-0.54328036254963,1.4757748208440291,-1.4581092217906488,-1.6542190816168745,-0.048294962058767835
